4081111111	9.74793E+15	fName_1111	lName_1111
4081111112	9.74793E+15	fName_1112	lName_1112
4081111113	9.74793E+15	fName_1113	lName_1113
4081111114	9.74793E+15	fName_1114	lName_1114
4081111115	9.74793E+15	fName_1115	lName_1115
4081111116	9.74793E+15	fName_1116	lName_1116
4081111117	9.74793E+15	fName_1117	lName_1117
4081111118	9.74793E+15	fName_1118	lName_1118
4081111119	9.74793E+15	fName_1119	lName_1119
4081111120	9.74793E+15	fName_1120	lName_1120
4081111121	9.74793E+15	fName_1121	lName_1121
4081111122	9.74793E+15	fName_1122	lName_1122
4081111123	9.74793E+15	fName_1123	lName_1123
4081111124	9.74793E+15	fName_1124	lName_1124
4081111125	9.74793E+15	fName_1125	lName_1125
4081111126	9.74793E+15	fName_1126	lName_1126
4081111127	9.74793E+15	fName_1127	lName_1127
4081111128	9.74793E+15	fName_1128	lName_1128
4081111129	9.74793E+15	fName_1129	lName_1129
4081111130	9.74793E+15	fName_1130	lName_1130
4081111131	9.74793E+15	fName_1131	lName_1131
4081111132	9.74793E+15	fName_1132	lName_1132
4081111133	9.74793E+15	fName_1133	lName_1133
4081111134	9.74793E+15	fName_1134	lName_1134
4081111135	9.74793E+15	fName_1135	lName_1135
4081111136	9.74793E+15	fName_1136	lName_1136
4081111137	9.74793E+15	fName_1137	lName_1137
4081111138	9.74793E+15	fName_1138	lName_1138
4081111139	9.74793E+15	fName_1139	lName_1139
4081111140	9.74793E+15	fName_1140	lName_1140
4081111141	9.74793E+15	fName_1141	lName_1141
4081111142	9.74793E+15	fName_1142	lName_1142
4081111143	9.74793E+15	fName_1143	lName_1143
4081111144	9.74793E+15	fName_1144	lName_1144
4081111145	9.74793E+15	fName_1145	lName_1145
4081111146	9.74793E+15	fName_1146	lName_1146
4081111147	9.74793E+15	fName_1147	lName_1147
4081111148	9.74793E+15	fName_1148	lName_1148
4081111149	9.74793E+15	fName_1149	lName_1149
4081111150	9.74793E+15	fName_1150	lName_1150
4081111151	9.74793E+15	fName_1151	lName_1151
4081111152	9.74793E+15	fName_1152	lName_1152
4081111153	9.74793E+15	fName_1153	lName_1153
4081111154	9.74793E+15	fName_1154	lName_1154
4081111155	9.74793E+15	fName_1155	lName_1155
4081111156	9.74793E+15	fName_1156	lName_1156
4081111157	9.74793E+15	fName_1157	lName_1157
4081111158	9.74793E+15	fName_1158	lName_1158
4081111159	9.74793E+15	fName_1159	lName_1159
4081111160	9.74793E+15	fName_1160	lName_1160
4081111161	9.74793E+15	fName_1161	lName_1161
4081111162	9.74793E+15	fName_1162	lName_1162
4081111163	9.74793E+15	fName_1163	lName_1163
4081111164	9.74793E+15	fName_1164	lName_1164
4081111165	9.73972E+15	fName_1165	lName_1165
4081111166	9.73972E+15	fName_1166	lName_1166
4081111167	9.73972E+15	fName_1167	lName_1167
4081111168	9.73972E+15	fName_1168	lName_1168
4081111169	9.73972E+15	fName_1169	lName_1169
4081111170	9.73972E+15	fName_1170	lName_1170
4081111171	9.73972E+15	fName_1171	lName_1171
4081111172	9.73972E+15	fName_1172	lName_1172
4081111173	9.73972E+15	fName_1173	lName_1173
4081111174	9.73972E+15	fName_1174	lName_1174
4081111175	9.73972E+15	fName_1175	lName_1175
4081111176	9.73972E+15	fName_1176	lName_1176
4081111177	9.73972E+15	fName_1177	lName_1177
4081111178	9.73972E+15	fName_1178	lName_1178
4081111179	9.73972E+15	fName_1179	lName_1179
4081111180	9.73972E+15	fName_1180	lName_1180
4081111181	9.73972E+15	fName_1181	lName_1181
4081111182	9.73972E+15	fName_1182	lName_1182
4081111183	9.73972E+15	fName_1183	lName_1183
4081111184	9.73972E+15	fName_1184	lName_1184
4081111185	9.73972E+15	fName_1185	lName_1185
4081111186	9.73972E+15	fName_1186	lName_1186
4081111187	9.73972E+15	fName_1187	lName_1187
4081111188	9.73972E+15	fName_1188	lName_1188
4081111189	9.73972E+15	fName_1189	lName_1189
4081111190	9.73972E+15	fName_1190	lName_1190
4081111191	9.73972E+15	fName_1191	lName_1191
4081111192	9.73972E+15	fName_1192	lName_1192
4081111193	9.73972E+15	fName_1193	lName_1193
4081111194	9.73972E+15	fName_1194	lName_1194
4081111195	9.73972E+15	fName_1195	lName_1195
4081111196	9.73972E+15	fName_1196	lName_1196
4081111197	9.73972E+15	fName_1197	lName_1197
4081111198	9.73972E+15	fName_1198	lName_1198
4081111199	9.73972E+15	fName_1199	lName_1199
4081111200	9.73972E+15	fName_1200	lName_1200
4081111201	9.73972E+15	fName_1201	lName_1201
4081111202	9.73972E+15	fName_1202	lName_1202
4081111203	9.73972E+15	fName_1203	lName_1203
4081111204	9.73972E+15	fName_1204	lName_1204
4081111205	9.73972E+15	fName_1205	lName_1205
4081111206	9.73972E+15	fName_1206	lName_1206
4081111207	9.73972E+15	fName_1207	lName_1207
4081111208	9.73972E+15	fName_1208	lName_1208
4081111209	9.73972E+15	fName_1209	lName_1209
4081111210	9.73972E+15	fName_1210	lName_1210
4081111211	9.73972E+15	fName_1211	lName_1211
4081111212	9.73972E+15	fName_1212	lName_1212
4081111213	9.73972E+15	fName_1213	lName_1213
4081111214	9.73972E+15	fName_1214	lName_1214
4081111215	9.73972E+15	fName_1215	lName_1215
4081111216	9.73972E+15	fName_1216	lName_1216
4081111217	9.73972E+15	fName_1217	lName_1217
4081111218	9.73972E+15	fName_1218	lName_1218
4081111219	9.73972E+15	fName_1219	lName_1219
4081111220	9.73972E+15	fName_1220	lName_1220
4081111221	9.73972E+15	fName_1221	lName_1221
4081111222	9.73972E+15	fName_1222	lName_1222
4081111223	9.73972E+15	fName_1223	lName_1223
4081111224	9.73972E+15	fName_1224	lName_1224
4081111225	9.73972E+15	fName_1225	lName_1225
4081111226	9.73972E+15	fName_1226	lName_1226
4081111227	9.73972E+15	fName_1227	lName_1227
4081111228	9.73972E+15	fName_1228	lName_1228
4081111229	9.73972E+15	fName_1229	lName_1229
4081111230	9.73972E+15	fName_1230	lName_1230
4081111231	9.73972E+15	fName_1231	lName_1231
4081111232	9.73972E+15	fName_1232	lName_1232
4081111233	9.73972E+15	fName_1233	lName_1233
4081111234	9.73972E+15	fName_1234	lName_1234
4081111235	9.73972E+15	fName_1235	lName_1235
4081111236	9.73972E+15	fName_1236	lName_1236
4081111237	9.73972E+15	fName_1237	lName_1237
4081111238	9.73972E+15	fName_1238	lName_1238
4081111239	9.73972E+15	fName_1239	lName_1239
4081111240	9.73972E+15	fName_1240	lName_1240
4081111241	9.73972E+15	fName_1241	lName_1241
4081111242	9.73972E+15	fName_1242	lName_1242
4081111243	9.73972E+15	fName_1243	lName_1243
4081111244	9.73972E+15	fName_1244	lName_1244
4081111245	9.73972E+15	fName_1245	lName_1245
4081111246	9.73972E+15	fName_1246	lName_1246
4081111247	9.73972E+15	fName_1247	lName_1247
4081111248	9.73972E+15	fName_1248	lName_1248
4081111249	9.73972E+15	fName_1249	lName_1249
4081111250	9.73972E+15	fName_1250	lName_1250
4081111251	9.73972E+15	fName_1251	lName_1251
4081111252	9.73972E+15	fName_1252	lName_1252
4081111253	9.73972E+15	fName_1253	lName_1253
4081111254	9.73972E+15	fName_1254	lName_1254
4081111255	9.73972E+15	fName_1255	lName_1255
4081111256	9.73972E+15	fName_1256	lName_1256
4081111257	9.73972E+15	fName_1257	lName_1257
4081111258	9.73972E+15	fName_1258	lName_1258
4081111259	9.73972E+15	fName_1259	lName_1259
4081111260	9.73972E+15	fName_1260	lName_1260
4081111261	9.73972E+15	fName_1261	lName_1261
4081111262	9.73972E+15	fName_1262	lName_1262
4081111263	9.73972E+15	fName_1263	lName_1263
4081111264	9.73972E+15	fName_1264	lName_1264
4081111265	9.73972E+15	fName_1265	lName_1265
4081111266	9.73972E+15	fName_1266	lName_1266
4081111267	9.73972E+15	fName_1267	lName_1267
4081111268	9.73972E+15	fName_1268	lName_1268
4081111269	9.73972E+15	fName_1269	lName_1269
4081111270	9.73972E+15	fName_1270	lName_1270
4081111271	9.73972E+15	fName_1271	lName_1271
4081111272	9.73972E+15	fName_1272	lName_1272
4081111273	9.73972E+15	fName_1273	lName_1273
4081111274	9.73972E+15	fName_1274	lName_1274
4081111275	9.73972E+15	fName_1275	lName_1275
4081111276	9.73972E+15	fName_1276	lName_1276
4081111277	9.73972E+15	fName_1277	lName_1277
4081111278	9.73972E+15	fName_1278	lName_1278
4081111279	9.73972E+15	fName_1279	lName_1279
4081111280	9.73972E+15	fName_1280	lName_1280
4081111281	9.73972E+15	fName_1281	lName_1281
4081111282	9.73972E+15	fName_1282	lName_1282
4081111283	9.73972E+15	fName_1283	lName_1283
4081111284	9.73972E+15	fName_1284	lName_1284
4081111285	9.73972E+15	fName_1285	lName_1285
4081111286	9.73972E+15	fName_1286	lName_1286
4081111287	9.73972E+15	fName_1287	lName_1287
4081111288	9.73972E+15	fName_1288	lName_1288
4081111289	9.73972E+15	fName_1289	lName_1289
4081111290	9.73972E+15	fName_1290	lName_1290
4081111291	9.73972E+15	fName_1291	lName_1291
4081111292	9.73972E+15	fName_1292	lName_1292
4081111293	9.73972E+15	fName_1293	lName_1293
4081111294	9.73972E+15	fName_1294	lName_1294
4081111295	9.73972E+15	fName_1295	lName_1295
4081111296	9.73972E+15	fName_1296	lName_1296
4081111297	9.73972E+15	fName_1297	lName_1297
4081111298	9.73972E+15	fName_1298	lName_1298
4081111299	9.73972E+15	fName_1299	lName_1299
4081111300	9.73972E+15	fName_1300	lName_1300
4081111301	9.73972E+15	fName_1301	lName_1301
4081111302	9.73972E+15	fName_1302	lName_1302
4081111303	9.73972E+15	fName_1303	lName_1303
4081111304	9.73972E+15	fName_1304	lName_1304
4081111305	9.73972E+15	fName_1305	lName_1305
4081111306	9.73972E+15	fName_1306	lName_1306
4081111307	9.73972E+15	fName_1307	lName_1307
4081111308	9.73972E+15	fName_1308	lName_1308
4081111309	9.73972E+15	fName_1309	lName_1309
4081111310	9.73972E+15	fName_1310	lName_1310
4081111311	9.73972E+15	fName_1311	lName_1311
4081111312	9.73972E+15	fName_1312	lName_1312
4081111313	9.72265E+15	fName_1313	lName_1313
4081111314	9.72265E+15	fName_1314	lName_1314
4081111315	9.72265E+15	fName_1315	lName_1315
4081111316	9.72265E+15	fName_1316	lName_1316
4081111317	9.72265E+15	fName_1317	lName_1317
4081111318	9.72265E+15	fName_1318	lName_1318
4081111319	9.72265E+15	fName_1319	lName_1319
4081111320	9.72265E+15	fName_1320	lName_1320
4081111321	9.72265E+15	fName_1321	lName_1321
4081111322	9.72265E+15	fName_1322	lName_1322
4081111323	9.72265E+15	fName_1323	lName_1323
4081111324	9.72265E+15	fName_1324	lName_1324
4081111325	9.72265E+15	fName_1325	lName_1325
4081111326	9.72265E+15	fName_1326	lName_1326
4081111327	9.72265E+15	fName_1327	lName_1327
4081111328	9.72265E+15	fName_1328	lName_1328
4081111329	9.72265E+15	fName_1329	lName_1329
4081111330	9.72265E+15	fName_1330	lName_1330
4081111331	9.72265E+15	fName_1331	lName_1331
4081111332	9.72265E+15	fName_1332	lName_1332
4081111333	9.72265E+15	fName_1333	lName_1333
4081111334	9.72265E+15	fName_1334	lName_1334
4081111335	9.72265E+15	fName_1335	lName_1335
4081111336	9.72265E+15	fName_1336	lName_1336
4081111337	9.72265E+15	fName_1337	lName_1337
4081111338	9.72265E+15	fName_1338	lName_1338
4081111339	9.72265E+15	fName_1339	lName_1339
4081111340	9.72265E+15	fName_1340	lName_1340
4081111341	9.72265E+15	fName_1341	lName_1341
4081111342	9.72265E+15	fName_1342	lName_1342
4081111343	9.72265E+15	fName_1343	lName_1343
4081111344	9.72265E+15	fName_1344	lName_1344
4081111345	9.72265E+15	fName_1345	lName_1345
4081111346	9.72265E+15	fName_1346	lName_1346
4081111347	9.72265E+15	fName_1347	lName_1347
4081111348	9.72265E+15	fName_1348	lName_1348
4081111349	9.72265E+15	fName_1349	lName_1349
4081111350	9.72265E+15	fName_1350	lName_1350
4081111351	9.72265E+15	fName_1351	lName_1351
4081111352	9.72265E+15	fName_1352	lName_1352
4081111353	9.72265E+15	fName_1353	lName_1353
4081111354	9.72265E+15	fName_1354	lName_1354
4081111355	9.72265E+15	fName_1355	lName_1355
4081111356	9.72265E+15	fName_1356	lName_1356
4081111357	9.72265E+15	fName_1357	lName_1357
4081111358	9.72265E+15	fName_1358	lName_1358
4081111359	9.72265E+15	fName_1359	lName_1359
4081111360	9.72265E+15	fName_1360	lName_1360
4081111361	9.72265E+15	fName_1361	lName_1361
4081111362	9.72265E+15	fName_1362	lName_1362
4081111363	9.72265E+15	fName_1363	lName_1363
4081111364	9.72265E+15	fName_1364	lName_1364
4081111365	9.72265E+15	fName_1365	lName_1365
4081111366	9.72265E+15	fName_1366	lName_1366
4081111367	9.72265E+15	fName_1367	lName_1367
4081111368	9.72265E+15	fName_1368	lName_1368
4081111369	9.72265E+15	fName_1369	lName_1369
4081111370	9.72265E+15	fName_1370	lName_1370
4081111371	9.72265E+15	fName_1371	lName_1371
4081111372	9.72265E+15	fName_1372	lName_1372
4081111373	9.72265E+15	fName_1373	lName_1373
4081111374	9.72265E+15	fName_1374	lName_1374
4081111375	9.72265E+15	fName_1375	lName_1375
4081111376	9.72265E+15	fName_1376	lName_1376
4081111377	9.72265E+15	fName_1377	lName_1377
4081111378	9.72265E+15	fName_1378	lName_1378
4081111379	9.72265E+15	fName_1379	lName_1379
4081111380	9.72265E+15	fName_1380	lName_1380
4081111381	9.72265E+15	fName_1381	lName_1381
4081111382	9.72265E+15	fName_1382	lName_1382
4081111383	9.72265E+15	fName_1383	lName_1383
4081111384	9.72265E+15	fName_1384	lName_1384
4081111385	9.72265E+15	fName_1385	lName_1385
4081111386	9.72265E+15	fName_1386	lName_1386
4081111387	9.72265E+15	fName_1387	lName_1387
4081111388	9.72265E+15	fName_1388	lName_1388
4081111389	9.72265E+15	fName_1389	lName_1389
4081111390	9.72265E+15	fName_1390	lName_1390
4081111391	9.72265E+15	fName_1391	lName_1391
4081111392	9.72265E+15	fName_1392	lName_1392
4081111393	9.72265E+15	fName_1393	lName_1393
4081111394	9.72265E+15	fName_1394	lName_1394
4081111395	9.72265E+15	fName_1395	lName_1395
4081111396	9.72265E+15	fName_1396	lName_1396
4081111397	9.72265E+15	fName_1397	lName_1397
4081111398	9.72265E+15	fName_1398	lName_1398
4081111399	9.72265E+15	fName_1399	lName_1399
4081111400	9.72265E+15	fName_1400	lName_1400
4081111401	9.72265E+15	fName_1401	lName_1401
4081111402	9.72265E+15	fName_1402	lName_1402
4081111403	9.72265E+15	fName_1403	lName_1403
4081111404	9.72265E+15	fName_1404	lName_1404
4081111405	9.72265E+15	fName_1405	lName_1405
4081111406	9.72265E+15	fName_1406	lName_1406
4081111407	9.72265E+15	fName_1407	lName_1407
4081111408	9.72265E+15	fName_1408	lName_1408
4081111409	9.72265E+15	fName_1409	lName_1409
4081111410	9.72265E+15	fName_1410	lName_1410
4081111411	9.72265E+15	fName_1411	lName_1411
4081111412	9.72265E+15	fName_1412	lName_1412
4081111413	9.72265E+15	fName_1413	lName_1413
4081111414	9.72265E+15	fName_1414	lName_1414
4081111415	9.72265E+15	fName_1415	lName_1415
4081111416	9.72265E+15	fName_1416	lName_1416
4081111417	9.72265E+15	fName_1417	lName_1417
4081111418	9.72265E+15	fName_1418	lName_1418
4081111419	9.72265E+15	fName_1419	lName_1419
4081111420	9.72265E+15	fName_1420	lName_1420
4081111421	9.72265E+15	fName_1421	lName_1421
4081111422	9.72265E+15	fName_1422	lName_1422
4081111423	9.72265E+15	fName_1423	lName_1423
4081111424	9.72265E+15	fName_1424	lName_1424
4081111425	9.72265E+15	fName_1425	lName_1425
4081111426	9.72265E+15	fName_1426	lName_1426
4081111427	9.72265E+15	fName_1427	lName_1427
4081111428	9.72265E+15	fName_1428	lName_1428
4081111429	9.72265E+15	fName_1429	lName_1429
4081111430	9.72265E+15	fName_1430	lName_1430
4081111431	9.72265E+15	fName_1431	lName_1431
4081111432	9.72265E+15	fName_1432	lName_1432
4081111433	9.72265E+15	fName_1433	lName_1433
4081111434	9.72265E+15	fName_1434	lName_1434
4081111435	9.72265E+15	fName_1435	lName_1435
4081111436	9.72265E+15	fName_1436	lName_1436
4081111437	9.72265E+15	fName_1437	lName_1437
4081111438	9.72265E+15	fName_1438	lName_1438
4081111439	9.72265E+15	fName_1439	lName_1439
4081111440	9.74208E+15	fName_1440	lName_1440
4081111441	9.74208E+15	fName_1441	lName_1441
4081111442	9.74208E+15	fName_1442	lName_1442
4081111443	9.74208E+15	fName_1443	lName_1443
4081111444	9.74208E+15	fName_1444	lName_1444
4081111445	9.74208E+15	fName_1445	lName_1445
4081111446	9.74208E+15	fName_1446	lName_1446
4081111447	9.74208E+15	fName_1447	lName_1447
4081111448	9.74208E+15	fName_1448	lName_1448
4081111449	9.74208E+15	fName_1449	lName_1449
4081111450	9.74208E+15	fName_1450	lName_1450
4081111451	9.74208E+15	fName_1451	lName_1451
4081111452	9.74208E+15	fName_1452	lName_1452
4081111453	9.74208E+15	fName_1453	lName_1453
4081111454	9.74208E+15	fName_1454	lName_1454
4081111455	9.74208E+15	fName_1455	lName_1455
4081111456	9.74208E+15	fName_1456	lName_1456
4081111457	9.74208E+15	fName_1457	lName_1457
4081111458	9.74208E+15	fName_1458	lName_1458
4081111459	9.74208E+15	fName_1459	lName_1459
4081111460	9.74208E+15	fName_1460	lName_1460
4081111461	9.74208E+15	fName_1461	lName_1461
4081111462	9.74208E+15	fName_1462	lName_1462
4081111463	9.74208E+15	fName_1463	lName_1463
4081111464	9.74208E+15	fName_1464	lName_1464
4081111465	9.74208E+15	fName_1465	lName_1465
4081111466	9.74208E+15	fName_1466	lName_1466
4081111467	9.74208E+15	fName_1467	lName_1467
4081111468	9.74208E+15	fName_1468	lName_1468
4081111469	9.74208E+15	fName_1469	lName_1469
4081111470	9.74208E+15	fName_1470	lName_1470
4081111471	9.74208E+15	fName_1471	lName_1471
4081111472	9.74208E+15	fName_1472	lName_1472
4081111473	9.74208E+15	fName_1473	lName_1473
4081111474	9.74208E+15	fName_1474	lName_1474
4081111475	9.74208E+15	fName_1475	lName_1475
4081111476	9.74208E+15	fName_1476	lName_1476
4081111477	9.74208E+15	fName_1477	lName_1477
4081111478	9.74208E+15	fName_1478	lName_1478
4081111479	9.74208E+15	fName_1479	lName_1479
4081111480	9.74208E+15	fName_1480	lName_1480
4081111481	9.74208E+15	fName_1481	lName_1481
4081111482	9.74208E+15	fName_1482	lName_1482
4081111483	9.74208E+15	fName_1483	lName_1483
4081111484	9.74208E+15	fName_1484	lName_1484
4081111485	9.74208E+15	fName_1485	lName_1485
4081111486	9.74208E+15	fName_1486	lName_1486
4081111487	9.74208E+15	fName_1487	lName_1487
4081111488	9.74208E+15	fName_1488	lName_1488
4081111489	9.74208E+15	fName_1489	lName_1489
4081111490	9.74208E+15	fName_1490	lName_1490
4081111491	9.74208E+15	fName_1491	lName_1491
4081111492	9.74208E+15	fName_1492	lName_1492
4081111493	9.74208E+15	fName_1493	lName_1493
4081111494	9.74208E+15	fName_1494	lName_1494
4081111495	9.74208E+15	fName_1495	lName_1495
4081111496	9.74208E+15	fName_1496	lName_1496
4081111497	9.74208E+15	fName_1497	lName_1497
4081111498	9.74208E+15	fName_1498	lName_1498
4081111499	9.74208E+15	fName_1499	lName_1499
4081111500	9.74208E+15	fName_1500	lName_1500
4081111501	9.74208E+15	fName_1501	lName_1501
4081111502	9.74208E+15	fName_1502	lName_1502
4081111503	9.74208E+15	fName_1503	lName_1503
4081111504	9.74208E+15	fName_1504	lName_1504
4081111505	9.74208E+15	fName_1505	lName_1505
4081111506	9.74208E+15	fName_1506	lName_1506
4081111507	9.74208E+15	fName_1507	lName_1507
4081111508	9.74208E+15	fName_1508	lName_1508
4081111509	9.74208E+15	fName_1509	lName_1509
4081111510	9.74208E+15	fName_1510	lName_1510
4081111511	9.74208E+15	fName_1511	lName_1511
4081111512	9.74208E+15	fName_1512	lName_1512
4081111513	9.74208E+15	fName_1513	lName_1513
4081111514	9.74208E+15	fName_1514	lName_1514
4081111515	9.74208E+15	fName_1515	lName_1515
4081111516	9.74208E+15	fName_1516	lName_1516
4081111517	9.74208E+15	fName_1517	lName_1517
4081111518	9.74208E+15	fName_1518	lName_1518
4081111519	9.74208E+15	fName_1519	lName_1519
4081111520	9.74208E+15	fName_1520	lName_1520
4081111521	9.74208E+15	fName_1521	lName_1521
4081111522	9.74208E+15	fName_1522	lName_1522
4081111523	9.74208E+15	fName_1523	lName_1523
4081111524	9.74208E+15	fName_1524	lName_1524
4081111525	9.74208E+15	fName_1525	lName_1525
4081111526	9.74208E+15	fName_1526	lName_1526
4081111527	9.74208E+15	fName_1527	lName_1527
4081111528	9.74208E+15	fName_1528	lName_1528
4081111529	9.74208E+15	fName_1529	lName_1529
4081111530	9.74208E+15	fName_1530	lName_1530
4081111531	9.74208E+15	fName_1531	lName_1531
4081111532	9.74208E+15	fName_1532	lName_1532
4081111533	9.74208E+15	fName_1533	lName_1533
4081111534	9.74208E+15	fName_1534	lName_1534
4081111535	9.74208E+15	fName_1535	lName_1535
4081111536	9.74208E+15	fName_1536	lName_1536
4081111537	9.74208E+15	fName_1537	lName_1537
4081111538	9.74208E+15	fName_1538	lName_1538
4081111539	9.74208E+15	fName_1539	lName_1539
4081111540	9.74208E+15	fName_1540	lName_1540
4081111541	9.74208E+15	fName_1541	lName_1541
4081111542	9.74208E+15	fName_1542	lName_1542
4081111543	9.74208E+15	fName_1543	lName_1543
4081111544	9.74208E+15	fName_1544	lName_1544
4081111545	9.74208E+15	fName_1545	lName_1545
4081111546	9.74208E+15	fName_1546	lName_1546
4081111547	9.74208E+15	fName_1547	lName_1547
4081111548	9.74208E+15	fName_1548	lName_1548
4081111549	9.74208E+15	fName_1549	lName_1549
4081111550	9.74208E+15	fName_1550	lName_1550
4081111551	9.74208E+15	fName_1551	lName_1551
4081111552	9.74208E+15	fName_1552	lName_1552
4081111553	9.74208E+15	fName_1553	lName_1553
4081111554	9.74208E+15	fName_1554	lName_1554
4081111555	9.74208E+15	fName_1555	lName_1555
4081111556	9.74208E+15	fName_1556	lName_1556
4081111557	9.74208E+15	fName_1557	lName_1557
4081111558	9.74208E+15	fName_1558	lName_1558
4081111559	9.74208E+15	fName_1559	lName_1559
4081111560	9.74208E+15	fName_1560	lName_1560
4081111561	9.74208E+15	fName_1561	lName_1561
4081111562	9.74208E+15	fName_1562	lName_1562
4081111563	9.74208E+15	fName_1563	lName_1563
4081111564	9.74208E+15	fName_1564	lName_1564
4081111565	9.74208E+15	fName_1565	lName_1565
4081111566	9.74208E+15	fName_1566	lName_1566
4081111567	9.74208E+15	fName_1567	lName_1567
4081111568	9.74208E+15	fName_1568	lName_1568
4081111569	9.74208E+15	fName_1569	lName_1569
4081111570	9.74208E+15	fName_1570	lName_1570
4081111571	9.74208E+15	fName_1571	lName_1571
4081111572	9.74208E+15	fName_1572	lName_1572
4081111573	9.74208E+15	fName_1573	lName_1573
4081111574	9.74208E+15	fName_1574	lName_1574
4081111575	9.74208E+15	fName_1575	lName_1575
4081111576	9.74208E+15	fName_1576	lName_1576
4081111577	9.74208E+15	fName_1577	lName_1577
4081111578	9.74208E+15	fName_1578	lName_1578
4081111579	9.74208E+15	fName_1579	lName_1579
4081111580	9.74208E+15	fName_1580	lName_1580
4081111581	9.74208E+15	fName_1581	lName_1581
4081111582	9.74208E+15	fName_1582	lName_1582
4081111583	9.74208E+15	fName_1583	lName_1583
4081111584	9.74208E+15	fName_1584	lName_1584
4081111585	9.74208E+15	fName_1585	lName_1585
4081111586	9.74208E+15	fName_1586	lName_1586
4081111587	9.73595E+15	fName_1587	lName_1587
4081111588	9.73595E+15	fName_1588	lName_1588
4081111589	9.73595E+15	fName_1589	lName_1589
4081111590	9.73595E+15	fName_1590	lName_1590
4081111591	9.73595E+15	fName_1591	lName_1591
4081111592	9.73595E+15	fName_1592	lName_1592
4081111593	9.73595E+15	fName_1593	lName_1593
4081111594	9.73595E+15	fName_1594	lName_1594
4081111595	9.73595E+15	fName_1595	lName_1595
4081111596	9.73595E+15	fName_1596	lName_1596
4081111597	9.73595E+15	fName_1597	lName_1597
4081111598	9.73595E+15	fName_1598	lName_1598
4081111599	9.73595E+15	fName_1599	lName_1599
4081111600	9.73595E+15	fName_1600	lName_1600
4081111601	9.73595E+15	fName_1601	lName_1601
4081111602	9.73595E+15	fName_1602	lName_1602
4081111603	9.73595E+15	fName_1603	lName_1603
4081111604	9.73595E+15	fName_1604	lName_1604
4081111605	9.73595E+15	fName_1605	lName_1605
4081111606	9.73595E+15	fName_1606	lName_1606
4081111607	9.73595E+15	fName_1607	lName_1607
4081111608	9.73595E+15	fName_1608	lName_1608
4081111609	9.73595E+15	fName_1609	lName_1609
4081111610	9.73595E+15	fName_1610	lName_1610
4081111611	9.73595E+15	fName_1611	lName_1611
4081111612	9.73595E+15	fName_1612	lName_1612
4081111613	9.73595E+15	fName_1613	lName_1613
4081111614	9.73595E+15	fName_1614	lName_1614
4081111615	9.73595E+15	fName_1615	lName_1615
4081111616	9.73595E+15	fName_1616	lName_1616
4081111617	9.73595E+15	fName_1617	lName_1617
4081111618	9.73595E+15	fName_1618	lName_1618
4081111619	9.73595E+15	fName_1619	lName_1619
4081111620	9.73595E+15	fName_1620	lName_1620
4081111621	9.73595E+15	fName_1621	lName_1621
4081111622	9.73595E+15	fName_1622	lName_1622
4081111623	9.73595E+15	fName_1623	lName_1623
4081111624	9.73595E+15	fName_1624	lName_1624
4081111625	9.73595E+15	fName_1625	lName_1625
4081111626	9.73595E+15	fName_1626	lName_1626
4081111627	9.73595E+15	fName_1627	lName_1627
4081111628	9.73595E+15	fName_1628	lName_1628
4081111629	9.73595E+15	fName_1629	lName_1629
4081111630	9.73595E+15	fName_1630	lName_1630
4081111631	9.73595E+15	fName_1631	lName_1631
4081111632	9.73595E+15	fName_1632	lName_1632
4081111633	9.73595E+15	fName_1633	lName_1633
4081111634	9.73595E+15	fName_1634	lName_1634
4081111635	9.73595E+15	fName_1635	lName_1635
4081111636	9.73595E+15	fName_1636	lName_1636
4081111637	9.73595E+15	fName_1637	lName_1637
4081111638	9.73595E+15	fName_1638	lName_1638
4081111639	9.73595E+15	fName_1639	lName_1639
4081111640	9.73595E+15	fName_1640	lName_1640
4081111641	9.73595E+15	fName_1641	lName_1641
4081111642	9.73595E+15	fName_1642	lName_1642
4081111643	9.73595E+15	fName_1643	lName_1643
4081111644	9.73595E+15	fName_1644	lName_1644
4081111645	9.73595E+15	fName_1645	lName_1645
4081111646	9.73595E+15	fName_1646	lName_1646
4081111647	9.73595E+15	fName_1647	lName_1647
4081111648	9.73595E+15	fName_1648	lName_1648
4081111649	9.73595E+15	fName_1649	lName_1649
4081111650	9.73595E+15	fName_1650	lName_1650
4081111651	9.73595E+15	fName_1651	lName_1651
4081111652	9.73595E+15	fName_1652	lName_1652
4081111653	9.73595E+15	fName_1653	lName_1653
4081111654	9.73595E+15	fName_1654	lName_1654
4081111655	9.73595E+15	fName_1655	lName_1655
4081111656	9.73595E+15	fName_1656	lName_1656
4081111657	9.73595E+15	fName_1657	lName_1657
4081111658	9.73595E+15	fName_1658	lName_1658
4081111659	9.73595E+15	fName_1659	lName_1659
4081111660	9.73595E+15	fName_1660	lName_1660
4081111661	9.73595E+15	fName_1661	lName_1661
4081111662	9.73595E+15	fName_1662	lName_1662
4081111663	9.73595E+15	fName_1663	lName_1663
4081111664	9.73595E+15	fName_1664	lName_1664
4081111665	9.73595E+15	fName_1665	lName_1665
4081111666	9.73595E+15	fName_1666	lName_1666
4081111667	9.73595E+15	fName_1667	lName_1667
4081111668	9.73595E+15	fName_1668	lName_1668
4081111669	9.73595E+15	fName_1669	lName_1669
4081111670	9.73595E+15	fName_1670	lName_1670
4081111671	9.73595E+15	fName_1671	lName_1671
4081111672	9.73595E+15	fName_1672	lName_1672
4081111673	9.73595E+15	fName_1673	lName_1673
4081111674	9.73595E+15	fName_1674	lName_1674
4081111675	9.73595E+15	fName_1675	lName_1675
4081111676	9.73595E+15	fName_1676	lName_1676
4081111677	9.73595E+15	fName_1677	lName_1677
4081111678	9.73595E+15	fName_1678	lName_1678
4081111679	9.73595E+15	fName_1679	lName_1679
4081111680	9.73595E+15	fName_1680	lName_1680
4081111681	9.73595E+15	fName_1681	lName_1681
4081111682	9.73595E+15	fName_1682	lName_1682
4081111683	9.73595E+15	fName_1683	lName_1683
4081111684	9.73595E+15	fName_1684	lName_1684
4081111685	9.73595E+15	fName_1685	lName_1685
4081111686	9.73595E+15	fName_1686	lName_1686
4081111687	9.73595E+15	fName_1687	lName_1687
4081111688	9.73595E+15	fName_1688	lName_1688
4081111689	9.73595E+15	fName_1689	lName_1689
4081111690	9.73595E+15	fName_1690	lName_1690
4081111691	9.73595E+15	fName_1691	lName_1691
4081111692	9.73595E+15	fName_1692	lName_1692
4081111693	9.73595E+15	fName_1693	lName_1693
4081111694	9.73595E+15	fName_1694	lName_1694
4081111695	9.73595E+15	fName_1695	lName_1695
4081111696	9.73595E+15	fName_1696	lName_1696
4081111697	9.73595E+15	fName_1697	lName_1697
4081111698	9.73595E+15	fName_1698	lName_1698
4081111699	9.73595E+15	fName_1699	lName_1699
4081111700	9.73595E+15	fName_1700	lName_1700
4081111701	9.73595E+15	fName_1701	lName_1701
4081111702	9.73595E+15	fName_1702	lName_1702
4081111703	9.73595E+15	fName_1703	lName_1703
4081111704	9.73595E+15	fName_1704	lName_1704
4081111705	9.73595E+15	fName_1705	lName_1705
4081111706	9.73595E+15	fName_1706	lName_1706
4081111707	9.73595E+15	fName_1707	lName_1707
4081111708	9.73595E+15	fName_1708	lName_1708
4081111709	9.73595E+15	fName_1709	lName_1709
4081111710	9.73595E+15	fName_1710	lName_1710
4081111711	9.73595E+15	fName_1711	lName_1711
4081111712	9.73595E+15	fName_1712	lName_1712
4081111713	9.73595E+15	fName_1713	lName_1713
4081111714	9.73595E+15	fName_1714	lName_1714
4081111715	9.73595E+15	fName_1715	lName_1715
4081111716	9.73595E+15	fName_1716	lName_1716
4081111717	9.73595E+15	fName_1717	lName_1717
4081111718	9.73595E+15	fName_1718	lName_1718
4081111719	9.73595E+15	fName_1719	lName_1719
4081111720	9.73595E+15	fName_1720	lName_1720
4081111721	9.73595E+15	fName_1721	lName_1721
4081111722	9.73595E+15	fName_1722	lName_1722
4081111723	9.73595E+15	fName_1723	lName_1723
4081111724	9.73595E+15	fName_1724	lName_1724
4081111725	9.73595E+15	fName_1725	lName_1725
4081111726	9.73595E+15	fName_1726	lName_1726
4081111727	9.73595E+15	fName_1727	lName_1727
4081111728	9.73595E+15	fName_1728	lName_1728
4081111729	9.73595E+15	fName_1729	lName_1729
4081111730	9.73595E+15	fName_1730	lName_1730
4081111731	9.73595E+15	fName_1731	lName_1731
4081111732	9.73595E+15	fName_1732	lName_1732
4081111733	9.73595E+15	fName_1733	lName_1733
4081111734	9.73595E+15	fName_1734	lName_1734
4081111735	9.73595E+15	fName_1735	lName_1735
4081111736	9.73595E+15	fName_1736	lName_1736
4081111737	9.73595E+15	fName_1737	lName_1737
4081111738	9.73595E+15	fName_1738	lName_1738
4081111739	9.73595E+15	fName_1739	lName_1739
4081111740	9.73595E+15	fName_1740	lName_1740
4081111741	9.73595E+15	fName_1741	lName_1741
4081111742	9.73595E+15	fName_1742	lName_1742
4081111743	9.73595E+15	fName_1743	lName_1743
4081111744	9.73595E+15	fName_1744	lName_1744
4081111745	9.73595E+15	fName_1745	lName_1745
4081111746	9.73595E+15	fName_1746	lName_1746
4081111747	9.73595E+15	fName_1747	lName_1747
4081111748	9.73595E+15	fName_1748	lName_1748
4081111749	9.73595E+15	fName_1749	lName_1749
4081111750	9.73595E+15	fName_1750	lName_1750
4081111751	9.73595E+15	fName_1751	lName_1751
4081111752	9.73595E+15	fName_1752	lName_1752
4081111753	9.73595E+15	fName_1753	lName_1753
4081111754	9.73595E+15	fName_1754	lName_1754
4081111755	9.73595E+15	fName_1755	lName_1755
4081111756	9.73595E+15	fName_1756	lName_1756
4081111757	9.73595E+15	fName_1757	lName_1757
4081111758	9.73595E+15	fName_1758	lName_1758
4081111759	9.73595E+15	fName_1759	lName_1759
4081111760	9.73595E+15	fName_1760	lName_1760
4081111761	9.73595E+15	fName_1761	lName_1761
4081111762	9.73595E+15	fName_1762	lName_1762
4081111763	9.74738E+15	fName_1763	lName_1763
4081111764	9.74738E+15	fName_1764	lName_1764
4081111765	9.74738E+15	fName_1765	lName_1765
4081111766	9.74738E+15	fName_1766	lName_1766
4081111767	9.74738E+15	fName_1767	lName_1767
4081111768	9.74738E+15	fName_1768	lName_1768
4081111769	9.74738E+15	fName_1769	lName_1769
4081111770	9.74738E+15	fName_1770	lName_1770
4081111771	9.74738E+15	fName_1771	lName_1771
4081111772	9.74738E+15	fName_1772	lName_1772
4081111773	9.74738E+15	fName_1773	lName_1773
4081111774	9.74738E+15	fName_1774	lName_1774
4081111775	9.74738E+15	fName_1775	lName_1775
4081111776	9.74738E+15	fName_1776	lName_1776
4081111777	9.74738E+15	fName_1777	lName_1777
4081111778	9.74738E+15	fName_1778	lName_1778
4081111779	9.74738E+15	fName_1779	lName_1779
4081111780	9.74738E+15	fName_1780	lName_1780
4081111781	9.74738E+15	fName_1781	lName_1781
4081111782	9.74738E+15	fName_1782	lName_1782
4081111783	9.74738E+15	fName_1783	lName_1783
4081111784	9.74738E+15	fName_1784	lName_1784
4081111785	9.74738E+15	fName_1785	lName_1785
4081111786	9.74738E+15	fName_1786	lName_1786
4081111787	9.74738E+15	fName_1787	lName_1787
4081111788	9.74738E+15	fName_1788	lName_1788
4081111789	9.74738E+15	fName_1789	lName_1789
4081111790	9.74738E+15	fName_1790	lName_1790
4081111791	9.74738E+15	fName_1791	lName_1791
4081111792	9.74738E+15	fName_1792	lName_1792
4081111793	9.74738E+15	fName_1793	lName_1793
4081111794	9.74738E+15	fName_1794	lName_1794
4081111795	9.74738E+15	fName_1795	lName_1795
4081111796	9.74738E+15	fName_1796	lName_1796
4081111797	9.74738E+15	fName_1797	lName_1797
4081111798	9.74738E+15	fName_1798	lName_1798
4081111799	9.74738E+15	fName_1799	lName_1799
4081111800	9.74738E+15	fName_1800	lName_1800
4081111801	9.74738E+15	fName_1801	lName_1801
4081111802	9.74738E+15	fName_1802	lName_1802
4081111803	9.74738E+15	fName_1803	lName_1803
4081111804	9.74738E+15	fName_1804	lName_1804
4081111805	9.74738E+15	fName_1805	lName_1805
4081111806	9.74738E+15	fName_1806	lName_1806
4081111807	9.74738E+15	fName_1807	lName_1807
4081111808	9.74738E+15	fName_1808	lName_1808
4081111809	9.74738E+15	fName_1809	lName_1809
4081111810	9.74738E+15	fName_1810	lName_1810
4081111811	9.74738E+15	fName_1811	lName_1811
4081111812	9.74738E+15	fName_1812	lName_1812
4081111813	9.74738E+15	fName_1813	lName_1813
4081111814	9.74738E+15	fName_1814	lName_1814
4081111815	9.74738E+15	fName_1815	lName_1815
4081111816	9.74738E+15	fName_1816	lName_1816
4081111817	9.74738E+15	fName_1817	lName_1817
4081111818	9.74738E+15	fName_1818	lName_1818
4081111819	9.74738E+15	fName_1819	lName_1819
4081111820	9.74738E+15	fName_1820	lName_1820
4081111821	9.74738E+15	fName_1821	lName_1821
4081111822	9.74738E+15	fName_1822	lName_1822
4081111823	9.74738E+15	fName_1823	lName_1823
4081111824	9.74738E+15	fName_1824	lName_1824
4081111825	9.74738E+15	fName_1825	lName_1825
4081111826	9.74738E+15	fName_1826	lName_1826
4081111827	9.74738E+15	fName_1827	lName_1827
4081111828	9.74738E+15	fName_1828	lName_1828
4081111829	9.74738E+15	fName_1829	lName_1829
4081111830	9.74738E+15	fName_1830	lName_1830
4081111831	9.74738E+15	fName_1831	lName_1831
4081111832	9.74738E+15	fName_1832	lName_1832
4081111833	9.74738E+15	fName_1833	lName_1833
4081111834	9.74738E+15	fName_1834	lName_1834
4081111835	9.74738E+15	fName_1835	lName_1835
4081111836	9.74738E+15	fName_1836	lName_1836
4081111837	9.74738E+15	fName_1837	lName_1837
4081111838	9.74738E+15	fName_1838	lName_1838
4081111839	9.74738E+15	fName_1839	lName_1839
4081111840	9.74738E+15	fName_1840	lName_1840
4081111841	9.74738E+15	fName_1841	lName_1841
4081111842	9.74738E+15	fName_1842	lName_1842
4081111843	9.74738E+15	fName_1843	lName_1843
4081111844	9.74738E+15	fName_1844	lName_1844
4081111845	9.74738E+15	fName_1845	lName_1845
4081111846	9.74738E+15	fName_1846	lName_1846
4081111847	9.74738E+15	fName_1847	lName_1847
4081111848	9.74738E+15	fName_1848	lName_1848
4081111849	9.74738E+15	fName_1849	lName_1849
4081111850	9.74738E+15	fName_1850	lName_1850
4081111851	9.74738E+15	fName_1851	lName_1851
4081111852	9.74738E+15	fName_1852	lName_1852
4081111853	9.74738E+15	fName_1853	lName_1853
4081111854	9.74738E+15	fName_1854	lName_1854
4081111855	9.74738E+15	fName_1855	lName_1855
4081111856	9.74738E+15	fName_1856	lName_1856
4081111857	9.74738E+15	fName_1857	lName_1857
4081111858	9.74738E+15	fName_1858	lName_1858
4081111859	9.74738E+15	fName_1859	lName_1859
4081111860	9.74738E+15	fName_1860	lName_1860
4081111861	9.74738E+15	fName_1861	lName_1861
4081111862	9.74738E+15	fName_1862	lName_1862
4081111863	9.74738E+15	fName_1863	lName_1863
4081111864	9.74738E+15	fName_1864	lName_1864
4081111865	9.74738E+15	fName_1865	lName_1865
4081111866	9.74738E+15	fName_1866	lName_1866
4081111867	9.74738E+15	fName_1867	lName_1867
4081111868	9.74738E+15	fName_1868	lName_1868
4081111869	9.74738E+15	fName_1869	lName_1869
4081111870	9.74738E+15	fName_1870	lName_1870
4081111871	9.74738E+15	fName_1871	lName_1871
4081111872	9.74738E+15	fName_1872	lName_1872
4081111873	9.74738E+15	fName_1873	lName_1873
4081111874	9.74738E+15	fName_1874	lName_1874
4081111875	9.74738E+15	fName_1875	lName_1875
4081111876	9.74738E+15	fName_1876	lName_1876
4081111877	9.74738E+15	fName_1877	lName_1877
4081111878	9.74738E+15	fName_1878	lName_1878
4081111879	9.74738E+15	fName_1879	lName_1879
4081111880	9.74738E+15	fName_1880	lName_1880
4081111881	9.74738E+15	fName_1881	lName_1881
4081111882	9.74738E+15	fName_1882	lName_1882
4081111883	9.74738E+15	fName_1883	lName_1883
4081111884	9.74738E+15	fName_1884	lName_1884
4081111885	9.74738E+15	fName_1885	lName_1885
4081111886	9.74738E+15	fName_1886	lName_1886
4081111887	9.72968E+15	fName_1887	lName_1887
4081111888	9.72968E+15	fName_1888	lName_1888
4081111889	9.72968E+15	fName_1889	lName_1889
4081111890	9.72968E+15	fName_1890	lName_1890
4081111891	9.72968E+15	fName_1891	lName_1891
4081111892	9.72968E+15	fName_1892	lName_1892
4081111893	9.72968E+15	fName_1893	lName_1893
4081111894	9.72968E+15	fName_1894	lName_1894
4081111895	9.72968E+15	fName_1895	lName_1895
4081111896	9.72968E+15	fName_1896	lName_1896
4081111897	9.72968E+15	fName_1897	lName_1897
4081111898	9.72968E+15	fName_1898	lName_1898
4081111899	9.72968E+15	fName_1899	lName_1899
4081111900	9.72968E+15	fName_1900	lName_1900
4081111901	9.72968E+15	fName_1901	lName_1901
4081111902	9.72968E+15	fName_1902	lName_1902
4081111903	9.72968E+15	fName_1903	lName_1903
4081111904	9.72968E+15	fName_1904	lName_1904
4081111905	9.72968E+15	fName_1905	lName_1905
4081111906	9.72968E+15	fName_1906	lName_1906
4081111907	9.72968E+15	fName_1907	lName_1907
4081111908	9.72968E+15	fName_1908	lName_1908
4081111909	9.72968E+15	fName_1909	lName_1909
4081111910	9.72968E+15	fName_1910	lName_1910
4081111911	9.72968E+15	fName_1911	lName_1911
4081111912	9.72968E+15	fName_1912	lName_1912
4081111913	9.72968E+15	fName_1913	lName_1913
4081111914	9.72968E+15	fName_1914	lName_1914
4081111915	9.72968E+15	fName_1915	lName_1915
4081111916	9.72968E+15	fName_1916	lName_1916
4081111917	9.72968E+15	fName_1917	lName_1917
4081111918	9.72968E+15	fName_1918	lName_1918
4081111919	9.72968E+15	fName_1919	lName_1919
4081111920	9.72968E+15	fName_1920	lName_1920
4081111921	9.72968E+15	fName_1921	lName_1921
4081111922	9.72968E+15	fName_1922	lName_1922
4081111923	9.72968E+15	fName_1923	lName_1923
4081111924	9.72968E+15	fName_1924	lName_1924
4081111925	9.72968E+15	fName_1925	lName_1925
4081111926	9.72968E+15	fName_1926	lName_1926
4081111927	9.72968E+15	fName_1927	lName_1927
4081111928	9.72968E+15	fName_1928	lName_1928
4081111929	9.72968E+15	fName_1929	lName_1929
4081111930	9.72968E+15	fName_1930	lName_1930
4081111931	9.72968E+15	fName_1931	lName_1931
4081111932	9.72968E+15	fName_1932	lName_1932
4081111933	9.72968E+15	fName_1933	lName_1933
4081111934	9.72968E+15	fName_1934	lName_1934
4081111935	9.72968E+15	fName_1935	lName_1935
4081111936	9.72968E+15	fName_1936	lName_1936
4081111937	9.72968E+15	fName_1937	lName_1937
4081111938	9.72968E+15	fName_1938	lName_1938
4081111939	9.72968E+15	fName_1939	lName_1939
4081111940	9.72968E+15	fName_1940	lName_1940
4081111941	9.72968E+15	fName_1941	lName_1941
4081111942	9.72968E+15	fName_1942	lName_1942
4081111943	9.72968E+15	fName_1943	lName_1943
4081111944	9.72968E+15	fName_1944	lName_1944
4081111945	9.72968E+15	fName_1945	lName_1945
4081111946	9.72968E+15	fName_1946	lName_1946
4081111947	9.72968E+15	fName_1947	lName_1947
4081111948	9.72968E+15	fName_1948	lName_1948
4081111949	9.72968E+15	fName_1949	lName_1949
4081111950	9.72968E+15	fName_1950	lName_1950
4081111951	9.72968E+15	fName_1951	lName_1951
4081111952	9.72968E+15	fName_1952	lName_1952
4081111953	9.72968E+15	fName_1953	lName_1953
4081111954	9.72968E+15	fName_1954	lName_1954
4081111955	9.72968E+15	fName_1955	lName_1955
4081111956	9.72968E+15	fName_1956	lName_1956
4081111957	9.72968E+15	fName_1957	lName_1957
4081111958	9.72968E+15	fName_1958	lName_1958
4081111959	9.72968E+15	fName_1959	lName_1959
4081111960	9.72968E+15	fName_1960	lName_1960
4081111961	9.72968E+15	fName_1961	lName_1961
4081111962	9.72968E+15	fName_1962	lName_1962
4081111963	9.72968E+15	fName_1963	lName_1963
4081111964	9.72968E+15	fName_1964	lName_1964
4081111965	9.72968E+15	fName_1965	lName_1965
4081111966	9.72968E+15	fName_1966	lName_1966
4081111967	9.72968E+15	fName_1967	lName_1967
4081111968	9.72968E+15	fName_1968	lName_1968
4081111969	9.72968E+15	fName_1969	lName_1969
4081111970	9.72968E+15	fName_1970	lName_1970
4081111971	9.72968E+15	fName_1971	lName_1971
4081111972	9.72968E+15	fName_1972	lName_1972
4081111973	9.72968E+15	fName_1973	lName_1973
4081111974	9.72968E+15	fName_1974	lName_1974
4081111975	9.72968E+15	fName_1975	lName_1975
4081111976	9.72968E+15	fName_1976	lName_1976
4081111977	9.72968E+15	fName_1977	lName_1977
4081111978	9.72968E+15	fName_1978	lName_1978
4081111979	9.72968E+15	fName_1979	lName_1979
4081111980	9.72968E+15	fName_1980	lName_1980
4081111981	9.72968E+15	fName_1981	lName_1981
4081111982	9.72968E+15	fName_1982	lName_1982
4081111983	9.72968E+15	fName_1983	lName_1983
4081111984	9.72968E+15	fName_1984	lName_1984
4081111985	9.72968E+15	fName_1985	lName_1985
4081111986	9.72968E+15	fName_1986	lName_1986
4081111987	9.72968E+15	fName_1987	lName_1987
4081111988	9.72968E+15	fName_1988	lName_1988
4081111989	9.72968E+15	fName_1989	lName_1989
4081111990	9.72968E+15	fName_1990	lName_1990
4081111991	9.72968E+15	fName_1991	lName_1991
4081111992	9.72968E+15	fName_1992	lName_1992
4081111993	9.72968E+15	fName_1993	lName_1993
4081111994	9.72968E+15	fName_1994	lName_1994
4081111995	9.72968E+15	fName_1995	lName_1995
4081111996	9.72968E+15	fName_1996	lName_1996
4081111997	9.72968E+15	fName_1997	lName_1997
4081111998	9.72968E+15	fName_1998	lName_1998
4081111999	9.72968E+15	fName_1999	lName_1999
4081112000	9.72968E+15	fName_2000	lName_2000
4081112001	9.72968E+15	fName_2001	lName_2001
4081112002	9.72968E+15	fName_2002	lName_2002
4081112003	9.72968E+15	fName_2003	lName_2003
4081112004	9.72968E+15	fName_2004	lName_2004
4081112005	9.72968E+15	fName_2005	lName_2005
4081112006	9.72968E+15	fName_2006	lName_2006
4081112007	9.72968E+15	fName_2007	lName_2007
4081112008	9.72968E+15	fName_2008	lName_2008
4081112009	9.72968E+15	fName_2009	lName_2009
4081112010	9.72968E+15	fName_2010	lName_2010
4081112011	9.72968E+15	fName_2011	lName_2011
4081112012	9.72968E+15	fName_2012	lName_2012
4081112013	9.72968E+15	fName_2013	lName_2013
4081112014	9.72968E+15	fName_2014	lName_2014
4081112015	9.72968E+15	fName_2015	lName_2015
4081112016	9.72968E+15	fName_2016	lName_2016
4081112017	9.72968E+15	fName_2017	lName_2017
4081112018	9.72968E+15	fName_2018	lName_2018
4081112019	9.72968E+15	fName_2019	lName_2019
4081112020	9.72968E+15	fName_2020	lName_2020
4081112021	9.72968E+15	fName_2021	lName_2021
4081112022	9.72968E+15	fName_2022	lName_2022
4081112023	9.72968E+15	fName_2023	lName_2023
4081112024	9.72968E+15	fName_2024	lName_2024
4081112025	9.72968E+15	fName_2025	lName_2025
4081112026	9.72968E+15	fName_2026	lName_2026
4081112027	9.72968E+15	fName_2027	lName_2027
4081112028	9.72968E+15	fName_2028	lName_2028
4081112029	9.72968E+15	fName_2029	lName_2029
4081112030	9.72968E+15	fName_2030	lName_2030
4081112031	9.72968E+15	fName_2031	lName_2031
4081112032	9.74832E+15	fName_2032	lName_2032
4081112033	9.74832E+15	fName_2033	lName_2033
4081112034	9.74832E+15	fName_2034	lName_2034
4081112035	9.74832E+15	fName_2035	lName_2035
4081112036	9.74832E+15	fName_2036	lName_2036
4081112037	9.74832E+15	fName_2037	lName_2037
4081112038	9.74832E+15	fName_2038	lName_2038
4081112039	9.74832E+15	fName_2039	lName_2039
4081112040	9.74832E+15	fName_2040	lName_2040
4081112041	9.74832E+15	fName_2041	lName_2041
4081112042	9.74832E+15	fName_2042	lName_2042
4081112043	9.74832E+15	fName_2043	lName_2043
4081112044	9.74832E+15	fName_2044	lName_2044
4081112045	9.74832E+15	fName_2045	lName_2045
4081112046	9.74832E+15	fName_2046	lName_2046
4081112047	9.74832E+15	fName_2047	lName_2047
4081112048	9.74832E+15	fName_2048	lName_2048
4081112049	9.74832E+15	fName_2049	lName_2049
4081112050	9.74832E+15	fName_2050	lName_2050
4081112051	9.74832E+15	fName_2051	lName_2051
4081112052	9.74832E+15	fName_2052	lName_2052
4081112053	9.74832E+15	fName_2053	lName_2053
4081112054	9.74832E+15	fName_2054	lName_2054
4081112055	9.74832E+15	fName_2055	lName_2055
4081112056	9.74832E+15	fName_2056	lName_2056
4081112057	9.74832E+15	fName_2057	lName_2057
4081112058	9.74832E+15	fName_2058	lName_2058
4081112059	9.74832E+15	fName_2059	lName_2059
4081112060	9.74832E+15	fName_2060	lName_2060
4081112061	9.74832E+15	fName_2061	lName_2061
4081112062	9.74832E+15	fName_2062	lName_2062
4081112063	9.74832E+15	fName_2063	lName_2063
4081112064	9.74832E+15	fName_2064	lName_2064
4081112065	9.74832E+15	fName_2065	lName_2065
4081112066	9.74832E+15	fName_2066	lName_2066
4081112067	9.74832E+15	fName_2067	lName_2067
4081112068	9.74832E+15	fName_2068	lName_2068
4081112069	9.74832E+15	fName_2069	lName_2069
4081112070	9.74832E+15	fName_2070	lName_2070
4081112071	9.74832E+15	fName_2071	lName_2071
4081112072	9.74832E+15	fName_2072	lName_2072
4081112073	9.74832E+15	fName_2073	lName_2073
4081112074	9.74832E+15	fName_2074	lName_2074
4081112075	9.74832E+15	fName_2075	lName_2075
4081112076	9.74832E+15	fName_2076	lName_2076
4081112077	9.74832E+15	fName_2077	lName_2077
4081112078	9.74832E+15	fName_2078	lName_2078
4081112079	9.74832E+15	fName_2079	lName_2079
4081112080	9.74832E+15	fName_2080	lName_2080
4081112081	9.74832E+15	fName_2081	lName_2081
4081112082	9.74832E+15	fName_2082	lName_2082
4081112083	9.74832E+15	fName_2083	lName_2083
4081112084	9.74832E+15	fName_2084	lName_2084
4081112085	9.74832E+15	fName_2085	lName_2085
4081112086	9.74832E+15	fName_2086	lName_2086
4081112087	9.74832E+15	fName_2087	lName_2087
4081112088	9.74832E+15	fName_2088	lName_2088
4081112089	9.74832E+15	fName_2089	lName_2089
4081112090	9.74832E+15	fName_2090	lName_2090
4081112091	9.74832E+15	fName_2091	lName_2091
4081112092	9.74832E+15	fName_2092	lName_2092
4081112093	9.74832E+15	fName_2093	lName_2093
4081112094	9.74832E+15	fName_2094	lName_2094
4081112095	9.74832E+15	fName_2095	lName_2095
4081112096	9.74832E+15	fName_2096	lName_2096
4081112097	9.74832E+15	fName_2097	lName_2097
4081112098	9.74832E+15	fName_2098	lName_2098
4081112099	9.74832E+15	fName_2099	lName_2099
4081112100	9.74832E+15	fName_2100	lName_2100
4081112101	9.74832E+15	fName_2101	lName_2101
4081112102	9.74832E+15	fName_2102	lName_2102
4081112103	9.74832E+15	fName_2103	lName_2103
4081112104	9.74832E+15	fName_2104	lName_2104
4081112105	9.74832E+15	fName_2105	lName_2105
4081112106	9.74832E+15	fName_2106	lName_2106
4081112107	9.74832E+15	fName_2107	lName_2107
4081112108	9.74832E+15	fName_2108	lName_2108
4081112109	9.74832E+15	fName_2109	lName_2109
4081112110	9.74832E+15	fName_2110	lName_2110
4081112111	9.74832E+15	fName_2111	lName_2111
4081112112	9.74832E+15	fName_2112	lName_2112
4081112113	9.74832E+15	fName_2113	lName_2113
4081112114	9.74832E+15	fName_2114	lName_2114
4081112115	9.74832E+15	fName_2115	lName_2115
4081112116	9.74832E+15	fName_2116	lName_2116
4081112117	9.74832E+15	fName_2117	lName_2117
4081112118	9.74832E+15	fName_2118	lName_2118
4081112119	9.74832E+15	fName_2119	lName_2119
4081112120	9.74832E+15	fName_2120	lName_2120
4081112121	9.74832E+15	fName_2121	lName_2121
4081112122	9.74832E+15	fName_2122	lName_2122
4081112123	9.74832E+15	fName_2123	lName_2123
4081112124	9.74832E+15	fName_2124	lName_2124
4081112125	9.74832E+15	fName_2125	lName_2125
4081112126	9.74832E+15	fName_2126	lName_2126
4081112127	9.74832E+15	fName_2127	lName_2127
4081112128	9.74832E+15	fName_2128	lName_2128
4081112129	9.74832E+15	fName_2129	lName_2129
4081112130	9.74832E+15	fName_2130	lName_2130
4081112131	9.74832E+15	fName_2131	lName_2131
4081112132	9.74832E+15	fName_2132	lName_2132
4081112133	9.74832E+15	fName_2133	lName_2133
4081112134	9.74832E+15	fName_2134	lName_2134
4081112135	9.74832E+15	fName_2135	lName_2135
4081112136	9.74832E+15	fName_2136	lName_2136
4081112137	9.74832E+15	fName_2137	lName_2137
4081112138	9.74832E+15	fName_2138	lName_2138
4081112139	9.74832E+15	fName_2139	lName_2139
4081112140	9.74832E+15	fName_2140	lName_2140
4081112141	9.74832E+15	fName_2141	lName_2141
4081112142	9.74832E+15	fName_2142	lName_2142
4081112143	9.74832E+15	fName_2143	lName_2143
4081112144	9.74832E+15	fName_2144	lName_2144
4081112145	9.74832E+15	fName_2145	lName_2145
4081112146	9.74832E+15	fName_2146	lName_2146
4081112147	9.74832E+15	fName_2147	lName_2147
4081112148	9.74832E+15	fName_2148	lName_2148
4081112149	9.74832E+15	fName_2149	lName_2149
4081112150	9.74832E+15	fName_2150	lName_2150
4081112151	9.74832E+15	fName_2151	lName_2151
4081112152	9.74832E+15	fName_2152	lName_2152
4081112153	9.74832E+15	fName_2153	lName_2153
4081112154	9.74832E+15	fName_2154	lName_2154
4081112155	9.74832E+15	fName_2155	lName_2155
4081112156	9.74832E+15	fName_2156	lName_2156
4081112157	9.74832E+15	fName_2157	lName_2157
4081112158	9.74832E+15	fName_2158	lName_2158
4081112159	9.74832E+15	fName_2159	lName_2159
4081112160	9.74832E+15	fName_2160	lName_2160
4081112161	9.74832E+15	fName_2161	lName_2161
4081112162	9.74832E+15	fName_2162	lName_2162
4081112163	9.74832E+15	fName_2163	lName_2163
4081112164	9.74832E+15	fName_2164	lName_2164
4081112165	9.74832E+15	fName_2165	lName_2165
4081112166	9.74832E+15	fName_2166	lName_2166
4081112167	9.74832E+15	fName_2167	lName_2167
4081112168	9.74832E+15	fName_2168	lName_2168
4081112169	9.74832E+15	fName_2169	lName_2169
4081112170	9.74832E+15	fName_2170	lName_2170
4081112171	9.74832E+15	fName_2171	lName_2171
4081112172	9.74832E+15	fName_2172	lName_2172
4081112173	9.74832E+15	fName_2173	lName_2173
4081112174	9.74832E+15	fName_2174	lName_2174
4081112175	9.74832E+15	fName_2175	lName_2175
4081112176	9.74832E+15	fName_2176	lName_2176
4081112177	9.74832E+15	fName_2177	lName_2177
4081112178	9.74832E+15	fName_2178	lName_2178
4081112179	9.74832E+15	fName_2179	lName_2179
4081112180	9.74832E+15	fName_2180	lName_2180
4081112181	9.74832E+15	fName_2181	lName_2181
4081112182	9.74832E+15	fName_2182	lName_2182
4081112183	9.74832E+15	fName_2183	lName_2183
4081112184	9.74832E+15	fName_2184	lName_2184
4081112185	9.73713E+15	fName_2185	lName_2185
4081112186	9.73713E+15	fName_2186	lName_2186
4081112187	9.73713E+15	fName_2187	lName_2187
4081112188	9.73713E+15	fName_2188	lName_2188
4081112189	9.73713E+15	fName_2189	lName_2189
4081112190	9.73713E+15	fName_2190	lName_2190
4081112191	9.73713E+15	fName_2191	lName_2191
4081112192	9.73713E+15	fName_2192	lName_2192
4081112193	9.73713E+15	fName_2193	lName_2193
4081112194	9.73713E+15	fName_2194	lName_2194
4081112195	9.73713E+15	fName_2195	lName_2195
4081112196	9.73713E+15	fName_2196	lName_2196
4081112197	9.73713E+15	fName_2197	lName_2197
4081112198	9.73713E+15	fName_2198	lName_2198
4081112199	9.73713E+15	fName_2199	lName_2199
4081112200	9.73713E+15	fName_2200	lName_2200
4081112201	9.73713E+15	fName_2201	lName_2201
4081112202	9.73713E+15	fName_2202	lName_2202
4081112203	9.73713E+15	fName_2203	lName_2203
4081112204	9.73713E+15	fName_2204	lName_2204
4081112205	9.73713E+15	fName_2205	lName_2205
4081112206	9.73713E+15	fName_2206	lName_2206
4081112207	9.73713E+15	fName_2207	lName_2207
4081112208	9.73713E+15	fName_2208	lName_2208
4081112209	9.73713E+15	fName_2209	lName_2209
4081112210	9.73713E+15	fName_2210	lName_2210
4081112211	9.73713E+15	fName_2211	lName_2211
4081112212	9.73713E+15	fName_2212	lName_2212
4081112213	9.73713E+15	fName_2213	lName_2213
4081112214	9.73713E+15	fName_2214	lName_2214
4081112215	9.73713E+15	fName_2215	lName_2215
4081112216	9.73713E+15	fName_2216	lName_2216
4081112217	9.73713E+15	fName_2217	lName_2217
4081112218	9.73713E+15	fName_2218	lName_2218
4081112219	9.73713E+15	fName_2219	lName_2219
4081112220	9.73713E+15	fName_2220	lName_2220
4081112221	9.73713E+15	fName_2221	lName_2221
4081112222	9.73713E+15	fName_2222	lName_2222
4081112223	9.73713E+15	fName_2223	lName_2223
4081112224	9.73713E+15	fName_2224	lName_2224
4081112225	9.73713E+15	fName_2225	lName_2225
4081112226	9.73713E+15	fName_2226	lName_2226
4081112227	9.73713E+15	fName_2227	lName_2227
4081112228	9.73713E+15	fName_2228	lName_2228
4081112229	9.73713E+15	fName_2229	lName_2229
4081112230	9.73713E+15	fName_2230	lName_2230
4081112231	9.73713E+15	fName_2231	lName_2231
4081112232	9.73713E+15	fName_2232	lName_2232
4081112233	9.73713E+15	fName_2233	lName_2233
4081112234	9.73713E+15	fName_2234	lName_2234
4081112235	9.73713E+15	fName_2235	lName_2235
4081112236	9.73713E+15	fName_2236	lName_2236
4081112237	9.73713E+15	fName_2237	lName_2237
4081112238	9.73713E+15	fName_2238	lName_2238
4081112239	9.73713E+15	fName_2239	lName_2239
4081112240	9.73713E+15	fName_2240	lName_2240
4081112241	9.73713E+15	fName_2241	lName_2241
4081112242	9.73713E+15	fName_2242	lName_2242
4081112243	9.73713E+15	fName_2243	lName_2243
4081112244	9.73713E+15	fName_2244	lName_2244
4081112245	9.73713E+15	fName_2245	lName_2245
4081112246	9.73713E+15	fName_2246	lName_2246
4081112247	9.73713E+15	fName_2247	lName_2247
4081112248	9.73713E+15	fName_2248	lName_2248
4081112249	9.73713E+15	fName_2249	lName_2249
4081112250	9.73713E+15	fName_2250	lName_2250
4081112251	9.73713E+15	fName_2251	lName_2251
4081112252	9.73713E+15	fName_2252	lName_2252
4081112253	9.73713E+15	fName_2253	lName_2253
4081112254	9.73713E+15	fName_2254	lName_2254
4081112255	9.73713E+15	fName_2255	lName_2255
4081112256	9.73713E+15	fName_2256	lName_2256
4081112257	9.73713E+15	fName_2257	lName_2257
4081112258	9.73713E+15	fName_2258	lName_2258
4081112259	9.73713E+15	fName_2259	lName_2259
4081112260	9.73713E+15	fName_2260	lName_2260
4081112261	9.73713E+15	fName_2261	lName_2261
4081112262	9.73713E+15	fName_2262	lName_2262
4081112263	9.73713E+15	fName_2263	lName_2263
4081112264	9.73713E+15	fName_2264	lName_2264
4081112265	9.73713E+15	fName_2265	lName_2265
4081112266	9.73713E+15	fName_2266	lName_2266
4081112267	9.73713E+15	fName_2267	lName_2267
4081112268	9.73713E+15	fName_2268	lName_2268
4081112269	9.73713E+15	fName_2269	lName_2269
4081112270	9.73713E+15	fName_2270	lName_2270
4081112271	9.73713E+15	fName_2271	lName_2271
4081112272	9.73713E+15	fName_2272	lName_2272
4081112273	9.73713E+15	fName_2273	lName_2273
4081112274	9.73713E+15	fName_2274	lName_2274
4081112275	9.73713E+15	fName_2275	lName_2275
4081112276	9.73713E+15	fName_2276	lName_2276
4081112277	9.73713E+15	fName_2277	lName_2277
4081112278	9.73713E+15	fName_2278	lName_2278
4081112279	9.73713E+15	fName_2279	lName_2279
4081112280	9.73713E+15	fName_2280	lName_2280
4081112281	9.73713E+15	fName_2281	lName_2281
4081112282	9.73713E+15	fName_2282	lName_2282
4081112283	9.73713E+15	fName_2283	lName_2283
4081112284	9.73713E+15	fName_2284	lName_2284
4081112285	9.73713E+15	fName_2285	lName_2285
4081112286	9.73713E+15	fName_2286	lName_2286
4081112287	9.73713E+15	fName_2287	lName_2287
4081112288	9.73713E+15	fName_2288	lName_2288
4081112289	9.73713E+15	fName_2289	lName_2289
4081112290	9.73713E+15	fName_2290	lName_2290
4081112291	9.73713E+15	fName_2291	lName_2291
4081112292	9.73713E+15	fName_2292	lName_2292
4081112293	9.73713E+15	fName_2293	lName_2293
4081112294	9.73713E+15	fName_2294	lName_2294
4081112295	9.73713E+15	fName_2295	lName_2295
4081112296	9.73713E+15	fName_2296	lName_2296
4081112297	9.73713E+15	fName_2297	lName_2297
4081112298	9.73713E+15	fName_2298	lName_2298
4081112299	9.73713E+15	fName_2299	lName_2299
4081112300	9.73713E+15	fName_2300	lName_2300
4081112301	9.73713E+15	fName_2301	lName_2301
4081112302	9.73713E+15	fName_2302	lName_2302
4081112303	9.73713E+15	fName_2303	lName_2303
4081112304	9.74635E+15	fName_2304	lName_2304
4081112305	9.74635E+15	fName_2305	lName_2305
4081112306	9.74635E+15	fName_2306	lName_2306
4081112307	9.74635E+15	fName_2307	lName_2307
4081112308	9.74635E+15	fName_2308	lName_2308
4081112309	9.74635E+15	fName_2309	lName_2309
4081112310	9.74635E+15	fName_2310	lName_2310
4081112311	9.74635E+15	fName_2311	lName_2311
4081112312	9.74635E+15	fName_2312	lName_2312
4081112313	9.74635E+15	fName_2313	lName_2313
4081112314	9.74635E+15	fName_2314	lName_2314
4081112315	9.74635E+15	fName_2315	lName_2315
4081112316	9.74635E+15	fName_2316	lName_2316
4081112317	9.74635E+15	fName_2317	lName_2317
4081112318	9.74635E+15	fName_2318	lName_2318
4081112319	9.74635E+15	fName_2319	lName_2319
4081112320	9.74635E+15	fName_2320	lName_2320
4081112321	9.74635E+15	fName_2321	lName_2321
4081112322	9.74635E+15	fName_2322	lName_2322
4081112323	9.74635E+15	fName_2323	lName_2323
4081112324	9.74635E+15	fName_2324	lName_2324
4081112325	9.74635E+15	fName_2325	lName_2325
4081112326	9.74635E+15	fName_2326	lName_2326
4081112327	9.74635E+15	fName_2327	lName_2327
4081112328	9.74635E+15	fName_2328	lName_2328
4081112329	9.74635E+15	fName_2329	lName_2329
4081112330	9.74635E+15	fName_2330	lName_2330
4081112331	9.74635E+15	fName_2331	lName_2331
4081112332	9.74635E+15	fName_2332	lName_2332
4081112333	9.74635E+15	fName_2333	lName_2333
4081112334	9.74635E+15	fName_2334	lName_2334
4081112335	9.74635E+15	fName_2335	lName_2335
4081112336	9.74635E+15	fName_2336	lName_2336
4081112337	9.74635E+15	fName_2337	lName_2337
4081112338	9.74635E+15	fName_2338	lName_2338
4081112339	9.74635E+15	fName_2339	lName_2339
4081112340	9.74635E+15	fName_2340	lName_2340
4081112341	9.74635E+15	fName_2341	lName_2341
4081112342	9.74635E+15	fName_2342	lName_2342
4081112343	9.74635E+15	fName_2343	lName_2343
4081112344	9.74635E+15	fName_2344	lName_2344
4081112345	9.74635E+15	fName_2345	lName_2345
4081112346	9.74635E+15	fName_2346	lName_2346
4081112347	9.74635E+15	fName_2347	lName_2347
4081112348	9.74635E+15	fName_2348	lName_2348
4081112349	9.74635E+15	fName_2349	lName_2349
4081112350	9.74635E+15	fName_2350	lName_2350
4081112351	9.74635E+15	fName_2351	lName_2351
4081112352	9.74635E+15	fName_2352	lName_2352
4081112353	9.74635E+15	fName_2353	lName_2353
4081112354	9.74635E+15	fName_2354	lName_2354
4081112355	9.74635E+15	fName_2355	lName_2355
4081112356	9.74635E+15	fName_2356	lName_2356
4081112357	9.74635E+15	fName_2357	lName_2357
4081112358	9.74635E+15	fName_2358	lName_2358
4081112359	9.74635E+15	fName_2359	lName_2359
4081112360	9.74635E+15	fName_2360	lName_2360
4081112361	9.74635E+15	fName_2361	lName_2361
4081112362	9.74635E+15	fName_2362	lName_2362
4081112363	9.74635E+15	fName_2363	lName_2363
4081112364	9.74635E+15	fName_2364	lName_2364
4081112365	9.74635E+15	fName_2365	lName_2365
4081112366	9.74635E+15	fName_2366	lName_2366
4081112367	9.74635E+15	fName_2367	lName_2367
4081112368	9.74635E+15	fName_2368	lName_2368
4081112369	9.74635E+15	fName_2369	lName_2369
4081112370	9.74635E+15	fName_2370	lName_2370
4081112371	9.74635E+15	fName_2371	lName_2371
4081112372	9.74635E+15	fName_2372	lName_2372
4081112373	9.74635E+15	fName_2373	lName_2373
4081112374	9.74635E+15	fName_2374	lName_2374
4081112375	9.74635E+15	fName_2375	lName_2375
4081112376	9.74635E+15	fName_2376	lName_2376
4081112377	9.74635E+15	fName_2377	lName_2377
4081112378	9.74635E+15	fName_2378	lName_2378
4081112379	9.74635E+15	fName_2379	lName_2379
4081112380	9.74635E+15	fName_2380	lName_2380
4081112381	9.74635E+15	fName_2381	lName_2381
4081112382	9.74635E+15	fName_2382	lName_2382
4081112383	9.74635E+15	fName_2383	lName_2383
4081112384	9.74635E+15	fName_2384	lName_2384
4081112385	9.74635E+15	fName_2385	lName_2385
4081112386	9.74635E+15	fName_2386	lName_2386
4081112387	9.74635E+15	fName_2387	lName_2387
4081112388	9.74635E+15	fName_2388	lName_2388
4081112389	9.74635E+15	fName_2389	lName_2389
4081112390	9.74635E+15	fName_2390	lName_2390
4081112391	9.74635E+15	fName_2391	lName_2391
4081112392	9.74635E+15	fName_2392	lName_2392
4081112393	9.74635E+15	fName_2393	lName_2393
4081112394	9.74635E+15	fName_2394	lName_2394
4081112395	9.74635E+15	fName_2395	lName_2395
4081112396	9.74635E+15	fName_2396	lName_2396
4081112397	9.74635E+15	fName_2397	lName_2397
4081112398	9.74635E+15	fName_2398	lName_2398
4081112399	9.74635E+15	fName_2399	lName_2399
4081112400	9.74635E+15	fName_2400	lName_2400
4081112401	9.74635E+15	fName_2401	lName_2401
4081112402	9.74635E+15	fName_2402	lName_2402
4081112403	9.74635E+15	fName_2403	lName_2403
4081112404	9.74635E+15	fName_2404	lName_2404
4081112405	9.74635E+15	fName_2405	lName_2405
4081112406	9.74635E+15	fName_2406	lName_2406
4081112407	9.74635E+15	fName_2407	lName_2407
4081112408	9.74635E+15	fName_2408	lName_2408
4081112409	9.74635E+15	fName_2409	lName_2409
4081112410	9.74635E+15	fName_2410	lName_2410
4081112411	9.74635E+15	fName_2411	lName_2411
4081112412	9.74635E+15	fName_2412	lName_2412
4081112413	9.74635E+15	fName_2413	lName_2413
4081112414	9.74635E+15	fName_2414	lName_2414
4081112415	9.74635E+15	fName_2415	lName_2415
4081112416	9.74635E+15	fName_2416	lName_2416
4081112417	9.74635E+15	fName_2417	lName_2417
4081112418	9.74635E+15	fName_2418	lName_2418
4081112419	9.74635E+15	fName_2419	lName_2419
4081112420	9.74635E+15	fName_2420	lName_2420
4081112421	9.74635E+15	fName_2421	lName_2421
4081112422	9.74635E+15	fName_2422	lName_2422
4081112423	9.74635E+15	fName_2423	lName_2423
4081112424	9.74635E+15	fName_2424	lName_2424
4081112425	9.74635E+15	fName_2425	lName_2425
4081112426	9.74635E+15	fName_2426	lName_2426
4081112427	9.74635E+15	fName_2427	lName_2427
4081112428	9.74635E+15	fName_2428	lName_2428
4081112429	9.74635E+15	fName_2429	lName_2429
4081112430	9.74635E+15	fName_2430	lName_2430
4081112431	9.74635E+15	fName_2431	lName_2431
4081112432	9.74635E+15	fName_2432	lName_2432
4081112433	9.74635E+15	fName_2433	lName_2433
4081112434	9.74635E+15	fName_2434	lName_2434
4081112435	9.74635E+15	fName_2435	lName_2435
4081112436	9.73539E+15	fName_2436	lName_2436
4081112437	9.73539E+15	fName_2437	lName_2437
4081112438	9.73539E+15	fName_2438	lName_2438
4081112439	9.73539E+15	fName_2439	lName_2439
4081112440	9.73539E+15	fName_2440	lName_2440
4081112441	9.73539E+15	fName_2441	lName_2441
4081112442	9.73539E+15	fName_2442	lName_2442
4081112443	9.73539E+15	fName_2443	lName_2443
4081112444	9.73539E+15	fName_2444	lName_2444
4081112445	9.73539E+15	fName_2445	lName_2445
4081112446	9.73539E+15	fName_2446	lName_2446
4081112447	9.73539E+15	fName_2447	lName_2447
4081112448	9.73539E+15	fName_2448	lName_2448
4081112449	9.73539E+15	fName_2449	lName_2449
4081112450	9.73539E+15	fName_2450	lName_2450
4081112451	9.73539E+15	fName_2451	lName_2451
4081112452	9.73539E+15	fName_2452	lName_2452
4081112453	9.73539E+15	fName_2453	lName_2453
4081112454	9.73539E+15	fName_2454	lName_2454
4081112455	9.73539E+15	fName_2455	lName_2455
4081112456	9.73539E+15	fName_2456	lName_2456
4081112457	9.73539E+15	fName_2457	lName_2457
4081112458	9.73539E+15	fName_2458	lName_2458
4081112459	9.73539E+15	fName_2459	lName_2459
4081112460	9.73539E+15	fName_2460	lName_2460
4081112461	9.73539E+15	fName_2461	lName_2461
4081112462	9.73539E+15	fName_2462	lName_2462
4081112463	9.73539E+15	fName_2463	lName_2463
4081112464	9.73539E+15	fName_2464	lName_2464
4081112465	9.73539E+15	fName_2465	lName_2465
4081112466	9.73539E+15	fName_2466	lName_2466
4081112467	9.73539E+15	fName_2467	lName_2467
4081112468	9.73539E+15	fName_2468	lName_2468
4081112469	9.73539E+15	fName_2469	lName_2469
4081112470	9.73539E+15	fName_2470	lName_2470
4081112471	9.73539E+15	fName_2471	lName_2471
4081112472	9.73539E+15	fName_2472	lName_2472
4081112473	9.73539E+15	fName_2473	lName_2473
4081112474	9.73539E+15	fName_2474	lName_2474
4081112475	9.73539E+15	fName_2475	lName_2475
4081112476	9.73539E+15	fName_2476	lName_2476
4081112477	9.73539E+15	fName_2477	lName_2477
4081112478	9.73539E+15	fName_2478	lName_2478
4081112479	9.73539E+15	fName_2479	lName_2479
4081112480	9.73539E+15	fName_2480	lName_2480
4081112481	9.73539E+15	fName_2481	lName_2481
4081112482	9.73539E+15	fName_2482	lName_2482
4081112483	9.73539E+15	fName_2483	lName_2483
4081112484	9.73539E+15	fName_2484	lName_2484
4081112485	9.73539E+15	fName_2485	lName_2485
4081112486	9.73539E+15	fName_2486	lName_2486
4081112487	9.73539E+15	fName_2487	lName_2487
4081112488	9.73539E+15	fName_2488	lName_2488
4081112489	9.73539E+15	fName_2489	lName_2489
4081112490	9.73539E+15	fName_2490	lName_2490
4081112491	9.73539E+15	fName_2491	lName_2491
4081112492	9.73539E+15	fName_2492	lName_2492
4081112493	9.73539E+15	fName_2493	lName_2493
4081112494	9.73539E+15	fName_2494	lName_2494
4081112495	9.73539E+15	fName_2495	lName_2495
4081112496	9.73539E+15	fName_2496	lName_2496
4081112497	9.73539E+15	fName_2497	lName_2497
4081112498	9.73539E+15	fName_2498	lName_2498
4081112499	9.73539E+15	fName_2499	lName_2499
4081112500	9.73539E+15	fName_2500	lName_2500
4081112501	9.73539E+15	fName_2501	lName_2501
4081112502	9.73539E+15	fName_2502	lName_2502
4081112503	9.73539E+15	fName_2503	lName_2503
4081112504	9.73539E+15	fName_2504	lName_2504
4081112505	9.73539E+15	fName_2505	lName_2505
4081112506	9.73539E+15	fName_2506	lName_2506
4081112507	9.73539E+15	fName_2507	lName_2507
4081112508	9.73539E+15	fName_2508	lName_2508
4081112509	9.73539E+15	fName_2509	lName_2509
4081112510	9.73539E+15	fName_2510	lName_2510
4081112511	9.73539E+15	fName_2511	lName_2511
4081112512	9.73539E+15	fName_2512	lName_2512
4081112513	9.73539E+15	fName_2513	lName_2513
4081112514	9.73539E+15	fName_2514	lName_2514
4081112515	9.73539E+15	fName_2515	lName_2515
4081112516	9.73539E+15	fName_2516	lName_2516
4081112517	9.73539E+15	fName_2517	lName_2517
4081112518	9.73539E+15	fName_2518	lName_2518
4081112519	9.73539E+15	fName_2519	lName_2519
4081112520	9.73539E+15	fName_2520	lName_2520
4081112521	9.73539E+15	fName_2521	lName_2521
4081112522	9.73539E+15	fName_2522	lName_2522
4081112523	9.73539E+15	fName_2523	lName_2523
4081112524	9.73539E+15	fName_2524	lName_2524
4081112525	9.73539E+15	fName_2525	lName_2525
4081112526	9.73539E+15	fName_2526	lName_2526
4081112527	9.73539E+15	fName_2527	lName_2527
4081112528	9.73539E+15	fName_2528	lName_2528
4081112529	9.73539E+15	fName_2529	lName_2529
4081112530	9.73539E+15	fName_2530	lName_2530
4081112531	9.73539E+15	fName_2531	lName_2531
4081112532	9.73539E+15	fName_2532	lName_2532
4081112533	9.73539E+15	fName_2533	lName_2533
4081112534	9.73539E+15	fName_2534	lName_2534
4081112535	9.73539E+15	fName_2535	lName_2535
4081112536	9.73539E+15	fName_2536	lName_2536
4081112537	9.73539E+15	fName_2537	lName_2537
4081112538	9.73539E+15	fName_2538	lName_2538
4081112539	9.73539E+15	fName_2539	lName_2539
4081112540	9.73539E+15	fName_2540	lName_2540
4081112541	9.73539E+15	fName_2541	lName_2541
4081112542	9.73539E+15	fName_2542	lName_2542
4081112543	9.73539E+15	fName_2543	lName_2543
4081112544	9.73539E+15	fName_2544	lName_2544
4081112545	9.73539E+15	fName_2545	lName_2545
4081112546	9.73539E+15	fName_2546	lName_2546
4081112547	9.73539E+15	fName_2547	lName_2547
4081112548	9.73539E+15	fName_2548	lName_2548
4081112549	9.73539E+15	fName_2549	lName_2549
4081112550	9.73539E+15	fName_2550	lName_2550
4081112551	9.73539E+15	fName_2551	lName_2551
4081112552	9.73539E+15	fName_2552	lName_2552
4081112553	9.73539E+15	fName_2553	lName_2553
4081112554	9.73539E+15	fName_2554	lName_2554
4081112555	9.73539E+15	fName_2555	lName_2555
4081112556	9.73539E+15	fName_2556	lName_2556
4081112557	9.73539E+15	fName_2557	lName_2557
4081112558	9.73539E+15	fName_2558	lName_2558
4081112559	9.73539E+15	fName_2559	lName_2559
4081112560	9.73539E+15	fName_2560	lName_2560
4081112561	9.73539E+15	fName_2561	lName_2561
4081112562	9.73539E+15	fName_2562	lName_2562
4081112563	9.73539E+15	fName_2563	lName_2563
4081112564	9.73539E+15	fName_2564	lName_2564
4081112565	9.73539E+15	fName_2565	lName_2565
4081112566	9.73539E+15	fName_2566	lName_2566
4081112567	9.73539E+15	fName_2567	lName_2567
4081112568	9.73539E+15	fName_2568	lName_2568
4081112569	9.73539E+15	fName_2569	lName_2569
4081112570	9.73539E+15	fName_2570	lName_2570
4081112571	9.73539E+15	fName_2571	lName_2571
4081112572	9.73539E+15	fName_2572	lName_2572
4081112573	9.73539E+15	fName_2573	lName_2573
4081112574	9.73539E+15	fName_2574	lName_2574
4081112575	9.73539E+15	fName_2575	lName_2575
4081112576	9.73539E+15	fName_2576	lName_2576
4081112577	9.73539E+15	fName_2577	lName_2577
4081112578	9.73539E+15	fName_2578	lName_2578
4081112579	9.73539E+15	fName_2579	lName_2579
4081112580	9.73539E+15	fName_2580	lName_2580
4081112581	9.73539E+15	fName_2581	lName_2581
4081112582	9.73539E+15	fName_2582	lName_2582
4081112583	9.73539E+15	fName_2583	lName_2583
4081112584	9.73539E+15	fName_2584	lName_2584
4081112585	9.73539E+15	fName_2585	lName_2585
4081112586	9.73539E+15	fName_2586	lName_2586
4081112587	9.73539E+15	fName_2587	lName_2587
4081112588	9.73539E+15	fName_2588	lName_2588
4081112589	9.73539E+15	fName_2589	lName_2589
4081112590	9.73539E+15	fName_2590	lName_2590
4081112591	9.73539E+15	fName_2591	lName_2591
4081112592	9.73539E+15	fName_2592	lName_2592
4081112593	9.73539E+15	fName_2593	lName_2593
4081112594	9.73539E+15	fName_2594	lName_2594
4081112595	9.73539E+15	fName_2595	lName_2595
4081112596	9.73539E+15	fName_2596	lName_2596
4081112597	9.73539E+15	fName_2597	lName_2597
4081112598	9.73539E+15	fName_2598	lName_2598
4081112599	9.73539E+15	fName_2599	lName_2599
4081112600	9.73539E+15	fName_2600	lName_2600
4081112601	9.73539E+15	fName_2601	lName_2601
4081112602	9.73539E+15	fName_2602	lName_2602
4081112603	9.74364E+15	fName_2603	lName_2603
4081112604	9.74364E+15	fName_2604	lName_2604
4081112605	9.74364E+15	fName_2605	lName_2605
4081112606	9.74364E+15	fName_2606	lName_2606
4081112607	9.74364E+15	fName_2607	lName_2607
4081112608	9.74364E+15	fName_2608	lName_2608
4081112609	9.74364E+15	fName_2609	lName_2609
4081112610	9.74364E+15	fName_2610	lName_2610
4081112611	9.74364E+15	fName_2611	lName_2611
4081112612	9.74364E+15	fName_2612	lName_2612
4081112613	9.74364E+15	fName_2613	lName_2613
4081112614	9.74364E+15	fName_2614	lName_2614
4081112615	9.74364E+15	fName_2615	lName_2615
4081112616	9.74364E+15	fName_2616	lName_2616
4081112617	9.74364E+15	fName_2617	lName_2617
4081112618	9.74364E+15	fName_2618	lName_2618
4081112619	9.74364E+15	fName_2619	lName_2619
4081112620	9.74364E+15	fName_2620	lName_2620
4081112621	9.74364E+15	fName_2621	lName_2621
4081112622	9.74364E+15	fName_2622	lName_2622
4081112623	9.74364E+15	fName_2623	lName_2623
4081112624	9.74364E+15	fName_2624	lName_2624
4081112625	9.74364E+15	fName_2625	lName_2625
4081112626	9.74364E+15	fName_2626	lName_2626
4081112627	9.74364E+15	fName_2627	lName_2627
4081112628	9.74364E+15	fName_2628	lName_2628
4081112629	9.74364E+15	fName_2629	lName_2629
4081112630	9.74364E+15	fName_2630	lName_2630
4081112631	9.74364E+15	fName_2631	lName_2631
4081112632	9.74364E+15	fName_2632	lName_2632
4081112633	9.74364E+15	fName_2633	lName_2633
4081112634	9.74364E+15	fName_2634	lName_2634
4081112635	9.74364E+15	fName_2635	lName_2635
4081112636	9.74364E+15	fName_2636	lName_2636
4081112637	9.74364E+15	fName_2637	lName_2637
4081112638	9.74364E+15	fName_2638	lName_2638
4081112639	9.74364E+15	fName_2639	lName_2639
4081112640	9.74364E+15	fName_2640	lName_2640
4081112641	9.74364E+15	fName_2641	lName_2641
4081112642	9.74364E+15	fName_2642	lName_2642
4081112643	9.74364E+15	fName_2643	lName_2643
4081112644	9.74364E+15	fName_2644	lName_2644
4081112645	9.74364E+15	fName_2645	lName_2645
4081112646	9.74364E+15	fName_2646	lName_2646
4081112647	9.74364E+15	fName_2647	lName_2647
4081112648	9.74364E+15	fName_2648	lName_2648
4081112649	9.74364E+15	fName_2649	lName_2649
4081112650	9.74364E+15	fName_2650	lName_2650
4081112651	9.74364E+15	fName_2651	lName_2651
4081112652	9.74364E+15	fName_2652	lName_2652
4081112653	9.74364E+15	fName_2653	lName_2653
4081112654	9.74364E+15	fName_2654	lName_2654
4081112655	9.74364E+15	fName_2655	lName_2655
4081112656	9.74364E+15	fName_2656	lName_2656
4081112657	9.74364E+15	fName_2657	lName_2657
4081112658	9.74364E+15	fName_2658	lName_2658
4081112659	9.74364E+15	fName_2659	lName_2659
4081112660	9.74364E+15	fName_2660	lName_2660
4081112661	9.74364E+15	fName_2661	lName_2661
4081112662	9.74364E+15	fName_2662	lName_2662
4081112663	9.74364E+15	fName_2663	lName_2663
4081112664	9.74364E+15	fName_2664	lName_2664
4081112665	9.74364E+15	fName_2665	lName_2665
4081112666	9.74364E+15	fName_2666	lName_2666
4081112667	9.74364E+15	fName_2667	lName_2667
4081112668	9.74364E+15	fName_2668	lName_2668
4081112669	9.74364E+15	fName_2669	lName_2669
4081112670	9.74364E+15	fName_2670	lName_2670
4081112671	9.74364E+15	fName_2671	lName_2671
4081112672	9.74364E+15	fName_2672	lName_2672
4081112673	9.74364E+15	fName_2673	lName_2673
4081112674	9.74364E+15	fName_2674	lName_2674
4081112675	9.74364E+15	fName_2675	lName_2675
4081112676	9.74364E+15	fName_2676	lName_2676
4081112677	9.74364E+15	fName_2677	lName_2677
4081112678	9.74364E+15	fName_2678	lName_2678
4081112679	9.74364E+15	fName_2679	lName_2679
4081112680	9.74364E+15	fName_2680	lName_2680
4081112681	9.74364E+15	fName_2681	lName_2681
4081112682	9.74364E+15	fName_2682	lName_2682
4081112683	9.74364E+15	fName_2683	lName_2683
4081112684	9.74364E+15	fName_2684	lName_2684
4081112685	9.74364E+15	fName_2685	lName_2685
4081112686	9.74364E+15	fName_2686	lName_2686
4081112687	9.74364E+15	fName_2687	lName_2687
4081112688	9.74364E+15	fName_2688	lName_2688
4081112689	9.74364E+15	fName_2689	lName_2689
4081112690	9.74364E+15	fName_2690	lName_2690
4081112691	9.74364E+15	fName_2691	lName_2691
4081112692	9.74364E+15	fName_2692	lName_2692
4081112693	9.74364E+15	fName_2693	lName_2693
4081112694	9.74364E+15	fName_2694	lName_2694
4081112695	9.74364E+15	fName_2695	lName_2695
4081112696	9.74364E+15	fName_2696	lName_2696
4081112697	9.74364E+15	fName_2697	lName_2697
4081112698	9.74364E+15	fName_2698	lName_2698
4081112699	9.74364E+15	fName_2699	lName_2699
4081112700	9.74364E+15	fName_2700	lName_2700
4081112701	9.74364E+15	fName_2701	lName_2701
4081112702	9.74364E+15	fName_2702	lName_2702
4081112703	9.74364E+15	fName_2703	lName_2703
4081112704	9.74364E+15	fName_2704	lName_2704
4081112705	9.74364E+15	fName_2705	lName_2705
4081112706	9.74364E+15	fName_2706	lName_2706
4081112707	9.74364E+15	fName_2707	lName_2707
4081112708	9.74364E+15	fName_2708	lName_2708
4081112709	9.74364E+15	fName_2709	lName_2709
4081112710	9.74364E+15	fName_2710	lName_2710
4081112711	9.74364E+15	fName_2711	lName_2711
4081112712	9.74364E+15	fName_2712	lName_2712
4081112713	9.74364E+15	fName_2713	lName_2713
4081112714	9.74364E+15	fName_2714	lName_2714
4081112715	9.74364E+15	fName_2715	lName_2715
4081112716	9.74364E+15	fName_2716	lName_2716
4081112717	9.74364E+15	fName_2717	lName_2717
4081112718	9.73348E+15	fName_2718	lName_2718
4081112719	9.73348E+15	fName_2719	lName_2719
4081112720	9.73348E+15	fName_2720	lName_2720
4081112721	9.73348E+15	fName_2721	lName_2721
4081112722	9.73348E+15	fName_2722	lName_2722
4081112723	9.73348E+15	fName_2723	lName_2723
4081112724	9.73348E+15	fName_2724	lName_2724
4081112725	9.73348E+15	fName_2725	lName_2725
4081112726	9.73348E+15	fName_2726	lName_2726
4081112727	9.73348E+15	fName_2727	lName_2727
4081112728	9.73348E+15	fName_2728	lName_2728
4081112729	9.73348E+15	fName_2729	lName_2729
4081112730	9.73348E+15	fName_2730	lName_2730
4081112731	9.73348E+15	fName_2731	lName_2731
4081112732	9.73348E+15	fName_2732	lName_2732
4081112733	9.73348E+15	fName_2733	lName_2733
4081112734	9.73348E+15	fName_2734	lName_2734
4081112735	9.73348E+15	fName_2735	lName_2735
4081112736	9.73348E+15	fName_2736	lName_2736
4081112737	9.73348E+15	fName_2737	lName_2737
4081112738	9.73348E+15	fName_2738	lName_2738
4081112739	9.73348E+15	fName_2739	lName_2739
4081112740	9.73348E+15	fName_2740	lName_2740
4081112741	9.73348E+15	fName_2741	lName_2741
4081112742	9.73348E+15	fName_2742	lName_2742
4081112743	9.73348E+15	fName_2743	lName_2743
4081112744	9.73348E+15	fName_2744	lName_2744
4081112745	9.73348E+15	fName_2745	lName_2745
4081112746	9.73348E+15	fName_2746	lName_2746
4081112747	9.73348E+15	fName_2747	lName_2747
4081112748	9.73348E+15	fName_2748	lName_2748
4081112749	9.73348E+15	fName_2749	lName_2749
4081112750	9.73348E+15	fName_2750	lName_2750
4081112751	9.73348E+15	fName_2751	lName_2751
4081112752	9.73348E+15	fName_2752	lName_2752
4081112753	9.73348E+15	fName_2753	lName_2753
4081112754	9.73348E+15	fName_2754	lName_2754
4081112755	9.73348E+15	fName_2755	lName_2755
4081112756	9.73348E+15	fName_2756	lName_2756
4081112757	9.73348E+15	fName_2757	lName_2757
4081112758	9.73348E+15	fName_2758	lName_2758
4081112759	9.73348E+15	fName_2759	lName_2759
4081112760	9.73348E+15	fName_2760	lName_2760
4081112761	9.73348E+15	fName_2761	lName_2761
4081112762	9.73348E+15	fName_2762	lName_2762
4081112763	9.73348E+15	fName_2763	lName_2763
4081112764	9.73348E+15	fName_2764	lName_2764
4081112765	9.73348E+15	fName_2765	lName_2765
4081112766	9.73348E+15	fName_2766	lName_2766
4081112767	9.73348E+15	fName_2767	lName_2767
4081112768	9.73348E+15	fName_2768	lName_2768
4081112769	9.73348E+15	fName_2769	lName_2769
4081112770	9.73348E+15	fName_2770	lName_2770
4081112771	9.73348E+15	fName_2771	lName_2771
4081112772	9.73348E+15	fName_2772	lName_2772
4081112773	9.73348E+15	fName_2773	lName_2773
4081112774	9.73348E+15	fName_2774	lName_2774
4081112775	9.73348E+15	fName_2775	lName_2775
4081112776	9.73348E+15	fName_2776	lName_2776
4081112777	9.73348E+15	fName_2777	lName_2777
4081112778	9.73348E+15	fName_2778	lName_2778
4081112779	9.73348E+15	fName_2779	lName_2779
4081112780	9.73348E+15	fName_2780	lName_2780
4081112781	9.73348E+15	fName_2781	lName_2781
4081112782	9.73348E+15	fName_2782	lName_2782
4081112783	9.73348E+15	fName_2783	lName_2783
4081112784	9.73348E+15	fName_2784	lName_2784
4081112785	9.73348E+15	fName_2785	lName_2785
4081112786	9.73348E+15	fName_2786	lName_2786
4081112787	9.73348E+15	fName_2787	lName_2787
4081112788	9.73348E+15	fName_2788	lName_2788
4081112789	9.73348E+15	fName_2789	lName_2789
4081112790	9.73348E+15	fName_2790	lName_2790
4081112791	9.73348E+15	fName_2791	lName_2791
4081112792	9.73348E+15	fName_2792	lName_2792
4081112793	9.73348E+15	fName_2793	lName_2793
4081112794	9.73348E+15	fName_2794	lName_2794
4081112795	9.73348E+15	fName_2795	lName_2795
4081112796	9.73348E+15	fName_2796	lName_2796
4081112797	9.73348E+15	fName_2797	lName_2797
4081112798	9.73348E+15	fName_2798	lName_2798
4081112799	9.73348E+15	fName_2799	lName_2799
4081112800	9.73348E+15	fName_2800	lName_2800
4081112801	9.73348E+15	fName_2801	lName_2801
4081112802	9.73348E+15	fName_2802	lName_2802
4081112803	9.73348E+15	fName_2803	lName_2803
4081112804	9.73348E+15	fName_2804	lName_2804
4081112805	9.73348E+15	fName_2805	lName_2805
4081112806	9.73348E+15	fName_2806	lName_2806
4081112807	9.73348E+15	fName_2807	lName_2807
4081112808	9.73348E+15	fName_2808	lName_2808
4081112809	9.73348E+15	fName_2809	lName_2809
4081112810	9.73348E+15	fName_2810	lName_2810
4081112811	9.73348E+15	fName_2811	lName_2811
4081112812	9.73348E+15	fName_2812	lName_2812
4081112813	9.73348E+15	fName_2813	lName_2813
4081112814	9.73348E+15	fName_2814	lName_2814
4081112815	9.73348E+15	fName_2815	lName_2815
4081112816	9.73348E+15	fName_2816	lName_2816
4081112817	9.73348E+15	fName_2817	lName_2817
4081112818	9.73348E+15	fName_2818	lName_2818
4081112819	9.73348E+15	fName_2819	lName_2819
4081112820	9.73348E+15	fName_2820	lName_2820
4081112821	9.73348E+15	fName_2821	lName_2821
4081112822	9.73348E+15	fName_2822	lName_2822
4081112823	9.73348E+15	fName_2823	lName_2823
4081112824	9.73348E+15	fName_2824	lName_2824
4081112825	9.73348E+15	fName_2825	lName_2825
4081112826	9.73348E+15	fName_2826	lName_2826
4081112827	9.73348E+15	fName_2827	lName_2827
4081112828	9.73348E+15	fName_2828	lName_2828
4081112829	9.73348E+15	fName_2829	lName_2829
4081112830	9.73348E+15	fName_2830	lName_2830
4081112831	9.73348E+15	fName_2831	lName_2831
4081112832	9.73348E+15	fName_2832	lName_2832
4081112833	9.73348E+15	fName_2833	lName_2833
4081112834	9.73348E+15	fName_2834	lName_2834
4081112835	9.73348E+15	fName_2835	lName_2835
4081112836	9.73348E+15	fName_2836	lName_2836
4081112837	9.73348E+15	fName_2837	lName_2837
4081112838	9.73348E+15	fName_2838	lName_2838
4081112839	9.73348E+15	fName_2839	lName_2839
4081112840	9.72443E+15	fName_2840	lName_2840
4081112841	9.72443E+15	fName_2841	lName_2841
4081112842	9.72443E+15	fName_2842	lName_2842
4081112843	9.72443E+15	fName_2843	lName_2843
4081112844	9.72443E+15	fName_2844	lName_2844
4081112845	9.72443E+15	fName_2845	lName_2845
4081112846	9.72443E+15	fName_2846	lName_2846
4081112847	9.72443E+15	fName_2847	lName_2847
4081112848	9.72443E+15	fName_2848	lName_2848
4081112849	9.72443E+15	fName_2849	lName_2849
4081112850	9.72443E+15	fName_2850	lName_2850
4081112851	9.72443E+15	fName_2851	lName_2851
4081112852	9.72443E+15	fName_2852	lName_2852
4081112853	9.72443E+15	fName_2853	lName_2853
4081112854	9.72443E+15	fName_2854	lName_2854
4081112855	9.72443E+15	fName_2855	lName_2855
4081112856	9.72443E+15	fName_2856	lName_2856
4081112857	9.72443E+15	fName_2857	lName_2857
4081112858	9.72443E+15	fName_2858	lName_2858
4081112859	9.72443E+15	fName_2859	lName_2859
4081112860	9.72443E+15	fName_2860	lName_2860
4081112861	9.72443E+15	fName_2861	lName_2861
4081112862	9.72443E+15	fName_2862	lName_2862
4081112863	9.72443E+15	fName_2863	lName_2863
4081112864	9.72443E+15	fName_2864	lName_2864
4081112865	9.72443E+15	fName_2865	lName_2865
4081112866	9.72443E+15	fName_2866	lName_2866
4081112867	9.72443E+15	fName_2867	lName_2867
4081112868	9.72443E+15	fName_2868	lName_2868
4081112869	9.72443E+15	fName_2869	lName_2869
4081112870	9.72443E+15	fName_2870	lName_2870
4081112871	9.72443E+15	fName_2871	lName_2871
4081112872	9.72443E+15	fName_2872	lName_2872
4081112873	9.72443E+15	fName_2873	lName_2873
4081112874	9.72443E+15	fName_2874	lName_2874
4081112875	9.72443E+15	fName_2875	lName_2875
4081112876	9.72443E+15	fName_2876	lName_2876
4081112877	9.72443E+15	fName_2877	lName_2877
4081112878	9.72443E+15	fName_2878	lName_2878
4081112879	9.72443E+15	fName_2879	lName_2879
4081112880	9.72443E+15	fName_2880	lName_2880
4081112881	9.72443E+15	fName_2881	lName_2881
4081112882	9.72443E+15	fName_2882	lName_2882
4081112883	9.72443E+15	fName_2883	lName_2883
4081112884	9.72443E+15	fName_2884	lName_2884
4081112885	9.72443E+15	fName_2885	lName_2885
4081112886	9.72443E+15	fName_2886	lName_2886
4081112887	9.72443E+15	fName_2887	lName_2887
4081112888	9.72443E+15	fName_2888	lName_2888
4081112889	9.72443E+15	fName_2889	lName_2889
4081112890	9.72443E+15	fName_2890	lName_2890
4081112891	9.72443E+15	fName_2891	lName_2891
4081112892	9.72443E+15	fName_2892	lName_2892
4081112893	9.72443E+15	fName_2893	lName_2893
4081112894	9.72443E+15	fName_2894	lName_2894
4081112895	9.72443E+15	fName_2895	lName_2895
4081112896	9.72443E+15	fName_2896	lName_2896
4081112897	9.72443E+15	fName_2897	lName_2897
4081112898	9.72443E+15	fName_2898	lName_2898
4081112899	9.72443E+15	fName_2899	lName_2899
4081112900	9.72443E+15	fName_2900	lName_2900
4081112901	9.72443E+15	fName_2901	lName_2901
4081112902	9.72443E+15	fName_2902	lName_2902
4081112903	9.72443E+15	fName_2903	lName_2903
4081112904	9.72443E+15	fName_2904	lName_2904
4081112905	9.72443E+15	fName_2905	lName_2905
4081112906	9.72443E+15	fName_2906	lName_2906
4081112907	9.72443E+15	fName_2907	lName_2907
4081112908	9.72443E+15	fName_2908	lName_2908
4081112909	9.72443E+15	fName_2909	lName_2909
4081112910	9.72443E+15	fName_2910	lName_2910
4081112911	9.72443E+15	fName_2911	lName_2911
4081112912	9.72443E+15	fName_2912	lName_2912
4081112913	9.72443E+15	fName_2913	lName_2913
4081112914	9.72443E+15	fName_2914	lName_2914
4081112915	9.72443E+15	fName_2915	lName_2915
4081112916	9.72443E+15	fName_2916	lName_2916
4081112917	9.72443E+15	fName_2917	lName_2917
4081112918	9.72443E+15	fName_2918	lName_2918
4081112919	9.72443E+15	fName_2919	lName_2919
4081112920	9.72443E+15	fName_2920	lName_2920
4081112921	9.72443E+15	fName_2921	lName_2921
4081112922	9.72443E+15	fName_2922	lName_2922
4081112923	9.72443E+15	fName_2923	lName_2923
4081112924	9.72443E+15	fName_2924	lName_2924
4081112925	9.72443E+15	fName_2925	lName_2925
4081112926	9.72443E+15	fName_2926	lName_2926
4081112927	9.72443E+15	fName_2927	lName_2927
4081112928	9.72443E+15	fName_2928	lName_2928
4081112929	9.72443E+15	fName_2929	lName_2929
4081112930	9.72443E+15	fName_2930	lName_2930
4081112931	9.72443E+15	fName_2931	lName_2931
4081112932	9.72443E+15	fName_2932	lName_2932
4081112933	9.72443E+15	fName_2933	lName_2933
4081112934	9.72443E+15	fName_2934	lName_2934
4081112935	9.72443E+15	fName_2935	lName_2935
4081112936	9.72443E+15	fName_2936	lName_2936
4081112937	9.72443E+15	fName_2937	lName_2937
4081112938	9.72443E+15	fName_2938	lName_2938
4081112939	9.72443E+15	fName_2939	lName_2939
4081112940	9.72443E+15	fName_2940	lName_2940
4081112941	9.72443E+15	fName_2941	lName_2941
4081112942	9.72443E+15	fName_2942	lName_2942
4081112943	9.72443E+15	fName_2943	lName_2943
4081112944	9.72443E+15	fName_2944	lName_2944
4081112945	9.72443E+15	fName_2945	lName_2945
4081112946	9.72443E+15	fName_2946	lName_2946
4081112947	9.72443E+15	fName_2947	lName_2947
4081112948	9.72443E+15	fName_2948	lName_2948
4081112949	9.72443E+15	fName_2949	lName_2949
4081112950	9.72443E+15	fName_2950	lName_2950
4081112951	9.72443E+15	fName_2951	lName_2951
4081112952	9.72443E+15	fName_2952	lName_2952
4081112953	9.72443E+15	fName_2953	lName_2953
4081112954	9.72443E+15	fName_2954	lName_2954
4081112955	9.72443E+15	fName_2955	lName_2955
4081112956	9.72443E+15	fName_2956	lName_2956
4081112957	9.72443E+15	fName_2957	lName_2957
4081112958	9.72443E+15	fName_2958	lName_2958
4081112959	9.72443E+15	fName_2959	lName_2959
4081112960	9.72443E+15	fName_2960	lName_2960
4081112961	9.72443E+15	fName_2961	lName_2961
4081112962	9.72443E+15	fName_2962	lName_2962
4081112963	9.72443E+15	fName_2963	lName_2963
4081112964	9.72443E+15	fName_2964	lName_2964
4081112965	9.7426E+15	fName_2965	lName_2965
4081112966	9.7426E+15	fName_2966	lName_2966
4081112967	9.7426E+15	fName_2967	lName_2967
4081112968	9.7426E+15	fName_2968	lName_2968
4081112969	9.7426E+15	fName_2969	lName_2969
4081112970	9.7426E+15	fName_2970	lName_2970
4081112971	9.7426E+15	fName_2971	lName_2971
4081112972	9.7426E+15	fName_2972	lName_2972
4081112973	9.7426E+15	fName_2973	lName_2973
4081112974	9.7426E+15	fName_2974	lName_2974
4081112975	9.7426E+15	fName_2975	lName_2975
4081112976	9.7426E+15	fName_2976	lName_2976
4081112977	9.7426E+15	fName_2977	lName_2977
4081112978	9.7426E+15	fName_2978	lName_2978
4081112979	9.7426E+15	fName_2979	lName_2979
4081112980	9.7426E+15	fName_2980	lName_2980
4081112981	9.7426E+15	fName_2981	lName_2981
4081112982	9.7426E+15	fName_2982	lName_2982
4081112983	9.7426E+15	fName_2983	lName_2983
4081112984	9.7426E+15	fName_2984	lName_2984
4081112985	9.7426E+15	fName_2985	lName_2985
4081112986	9.7426E+15	fName_2986	lName_2986
4081112987	9.7426E+15	fName_2987	lName_2987
4081112988	9.7426E+15	fName_2988	lName_2988
4081112989	9.7426E+15	fName_2989	lName_2989
4081112990	9.7426E+15	fName_2990	lName_2990
4081112991	9.7426E+15	fName_2991	lName_2991
4081112992	9.7426E+15	fName_2992	lName_2992
4081112993	9.7426E+15	fName_2993	lName_2993
4081112994	9.7426E+15	fName_2994	lName_2994
4081112995	9.7426E+15	fName_2995	lName_2995
4081112996	9.7426E+15	fName_2996	lName_2996
4081112997	9.7426E+15	fName_2997	lName_2997
4081112998	9.7426E+15	fName_2998	lName_2998
4081112999	9.7426E+15	fName_2999	lName_2999
4081113000	9.7426E+15	fName_3000	lName_3000
4081113001	9.7426E+15	fName_3001	lName_3001
4081113002	9.7426E+15	fName_3002	lName_3002
4081113003	9.7426E+15	fName_3003	lName_3003
4081113004	9.7426E+15	fName_3004	lName_3004
4081113005	9.7426E+15	fName_3005	lName_3005
4081113006	9.7426E+15	fName_3006	lName_3006
4081113007	9.7426E+15	fName_3007	lName_3007
4081113008	9.7426E+15	fName_3008	lName_3008
4081113009	9.7426E+15	fName_3009	lName_3009
4081113010	9.7426E+15	fName_3010	lName_3010
4081113011	9.7426E+15	fName_3011	lName_3011
4081113012	9.7426E+15	fName_3012	lName_3012
4081113013	9.7426E+15	fName_3013	lName_3013
4081113014	9.7426E+15	fName_3014	lName_3014
4081113015	9.7426E+15	fName_3015	lName_3015
4081113016	9.7426E+15	fName_3016	lName_3016
4081113017	9.7426E+15	fName_3017	lName_3017
4081113018	9.7426E+15	fName_3018	lName_3018
4081113019	9.7426E+15	fName_3019	lName_3019
4081113020	9.7426E+15	fName_3020	lName_3020
4081113021	9.7426E+15	fName_3021	lName_3021
4081113022	9.7426E+15	fName_3022	lName_3022
4081113023	9.7426E+15	fName_3023	lName_3023
4081113024	9.7426E+15	fName_3024	lName_3024
4081113025	9.7426E+15	fName_3025	lName_3025
4081113026	9.7426E+15	fName_3026	lName_3026
4081113027	9.7426E+15	fName_3027	lName_3027
4081113028	9.7426E+15	fName_3028	lName_3028
4081113029	9.7426E+15	fName_3029	lName_3029
4081113030	9.7426E+15	fName_3030	lName_3030
4081113031	9.7426E+15	fName_3031	lName_3031
4081113032	9.7426E+15	fName_3032	lName_3032
4081113033	9.7426E+15	fName_3033	lName_3033
4081113034	9.7426E+15	fName_3034	lName_3034
4081113035	9.7426E+15	fName_3035	lName_3035
4081113036	9.7426E+15	fName_3036	lName_3036
4081113037	9.7426E+15	fName_3037	lName_3037
4081113038	9.7426E+15	fName_3038	lName_3038
4081113039	9.7426E+15	fName_3039	lName_3039
4081113040	9.7426E+15	fName_3040	lName_3040
4081113041	9.7426E+15	fName_3041	lName_3041
4081113042	9.7426E+15	fName_3042	lName_3042
4081113043	9.7426E+15	fName_3043	lName_3043
4081113044	9.7426E+15	fName_3044	lName_3044
4081113045	9.7426E+15	fName_3045	lName_3045
4081113046	9.7426E+15	fName_3046	lName_3046
4081113047	9.7426E+15	fName_3047	lName_3047
4081113048	9.7426E+15	fName_3048	lName_3048
4081113049	9.7426E+15	fName_3049	lName_3049
4081113050	9.7426E+15	fName_3050	lName_3050
4081113051	9.7426E+15	fName_3051	lName_3051
4081113052	9.7426E+15	fName_3052	lName_3052
4081113053	9.7426E+15	fName_3053	lName_3053
4081113054	9.7426E+15	fName_3054	lName_3054
4081113055	9.7426E+15	fName_3055	lName_3055
4081113056	9.7426E+15	fName_3056	lName_3056
4081113057	9.7426E+15	fName_3057	lName_3057
4081113058	9.7426E+15	fName_3058	lName_3058
4081113059	9.7426E+15	fName_3059	lName_3059
4081113060	9.7426E+15	fName_3060	lName_3060
4081113061	9.7426E+15	fName_3061	lName_3061
4081113062	9.7426E+15	fName_3062	lName_3062
4081113063	9.7426E+15	fName_3063	lName_3063
4081113064	9.7426E+15	fName_3064	lName_3064
4081113065	9.7426E+15	fName_3065	lName_3065
4081113066	9.7426E+15	fName_3066	lName_3066
4081113067	9.7426E+15	fName_3067	lName_3067
4081113068	9.7426E+15	fName_3068	lName_3068
4081113069	9.7426E+15	fName_3069	lName_3069
4081113070	9.7426E+15	fName_3070	lName_3070
4081113071	9.7426E+15	fName_3071	lName_3071
4081113072	9.7426E+15	fName_3072	lName_3072
4081113073	9.7426E+15	fName_3073	lName_3073
4081113074	9.7426E+15	fName_3074	lName_3074
4081113075	9.7426E+15	fName_3075	lName_3075
4081113076	9.7426E+15	fName_3076	lName_3076
4081113077	9.7426E+15	fName_3077	lName_3077
4081113078	9.7426E+15	fName_3078	lName_3078
4081113079	9.7426E+15	fName_3079	lName_3079
4081113080	9.7426E+15	fName_3080	lName_3080
4081113081	9.7426E+15	fName_3081	lName_3081
4081113082	9.7426E+15	fName_3082	lName_3082
4081113083	9.7426E+15	fName_3083	lName_3083
4081113084	9.7426E+15	fName_3084	lName_3084
4081113085	9.7426E+15	fName_3085	lName_3085
4081113086	9.7426E+15	fName_3086	lName_3086
4081113087	9.72045E+15	fName_3087	lName_3087
4081113088	9.72045E+15	fName_3088	lName_3088
4081113089	9.72045E+15	fName_3089	lName_3089
4081113090	9.72045E+15	fName_3090	lName_3090
4081113091	9.72045E+15	fName_3091	lName_3091
4081113092	9.72045E+15	fName_3092	lName_3092
4081113093	9.72045E+15	fName_3093	lName_3093
4081113094	9.72045E+15	fName_3094	lName_3094
4081113095	9.72045E+15	fName_3095	lName_3095
4081113096	9.72045E+15	fName_3096	lName_3096
4081113097	9.72045E+15	fName_3097	lName_3097
4081113098	9.72045E+15	fName_3098	lName_3098
4081113099	9.72045E+15	fName_3099	lName_3099
4081113100	9.72045E+15	fName_3100	lName_3100
4081113101	9.72045E+15	fName_3101	lName_3101
4081113102	9.72045E+15	fName_3102	lName_3102
4081113103	9.72045E+15	fName_3103	lName_3103
4081113104	9.72045E+15	fName_3104	lName_3104
4081113105	9.72045E+15	fName_3105	lName_3105
4081113106	9.72045E+15	fName_3106	lName_3106
4081113107	9.72045E+15	fName_3107	lName_3107
4081113108	9.72045E+15	fName_3108	lName_3108
4081113109	9.72045E+15	fName_3109	lName_3109
4081113110	9.72045E+15	fName_3110	lName_3110