name,password
anna31,12345
anna32,12345
anna33,12345
anna34,12345
anna36,12345
anna37,12345
anna38,12345
anna39,12345
anna40,12345
anna41,12345
anna42,12345
anna43,12345
anna44,12345
anna45,12345
anna48,12345
anna49,12345
anna50,12345
anna51,12345
anna52,12345
anna53,12345
anna54,12345
anna55,12345
anna56,12345
anna57,12345
anna58,12345
anna61,12345
anna62,12345
anna63,12345
anna64,12345
anna65,12345
anna66,12345
anna67,12345
anna68,12345
anna69,12345
anna70,12345
anna71,12345
anna72,12345
anna73,12345
anna74,12345
anna75,12345
anna78,12345
anna79,12345
anna80,12345
anna81,12345
anna82,12345
anna83,12345
anna84,12345
anna85,12345
anna86,12345
anna87,12345
anna89,12345
anna90,12345
anna91,12345
anna94,12345
anna95,12345
anna96,12345
anna97,12345
anna99,12345
anna100,12345
steve2,12345
steve1,12345
steve3,12345
steve4,12345
steve5,12345
steve6,12345
steve7,12345
steve8,12345
steve9,12345
steve10,12345
steve11,12345
steve12,12345
steve13,12345
steve14,12345
steve15,12345
steve16,12345
steve17,12345
steve18,12345
steve19,12345
steve20,12345
steve21,12345
steve22,12345
steve23,12345
steve24,12345
steve25,12345
steve26,12345
steve27,12345
steve28,12345
steve29,12345
steve30,12345
