4081234567,9747930610627600,xpxcp
4081234568,9747930624298200,llwdn
4081234569,9747930629366030,ogaii
4081234570,9747930635516810,cmtsn
4081234571,9747930637104580,olnpq
4081234572,9747930639727400,aocum
4081234573,9747930643375070,hhnxc
4081234574,9747930648872100,eclte
4081234575,9747930656073150,yzlqj
4081234576,9747930656292290,wvluv
4081234577,9747930658127990,ardpa
4081234578,9747930663746320,qcbtd
4081234579,9747930670341020,jyvhi
4081234580,9747930674800230,durae
4081234581,9747930684827490,mhakr
4081234582,9747930699787150,hesrl
4081234583,9747930708056820,tdvel
4081234584,9747930708925530,eosoj
4081234585,9747930712975730,ggplb
4081234586,9747930718639760,jlzsx
4081234587,9747930720469940,vswnf
4081234588,9747930723595070,nfpkp
4081234589,9747930726289770,hhdlu
4081234590,9747930740833000,dwujj
4081234591,9747930751563560,zdfux
4081234592,9747930754066420,kvzwy
4081234593,9747930755816030,duchh
4081234594,9747930755927480,hnhgh
4081234595,9747930757154010,nubvn
4081234596,9747930767650010,vjikn
4081234597,9747930774079110,znfpt
4081234598,9747930786223370,uakyl
4081234599,9747930788942040,iaupj
4081234600,9747930789094230,peclu
4081234601,9747930789810780,zbjca
4081234602,9747930796197180,yjnjy
4081234603,9747930801683010,hejel
4081234604,9747930804671390,bkkih
4081234605,9747930808761820,idpqp
4081234606,9747930810117110,vnoog
4081234607,9747930811741050,vnjyo
4081234608,9747930812544910,quckd
4081234609,9747930813637170,jmvuh
4081234610,9747930814728530,loicz
4081234611,9747930817552280,ibwqr
4081234612,9747930821996660,bqoby
4081234613,9747930822775120,gemxn
4081234614,9747930829225920,apner
4081234615,9747930833985700,ktwrq
4081234616,9747930835682700,jfgvy
4081234617,9747930838616480,tuoqz
4081234618,9747930847666230,iwnkv
4081234619,9747930856460610,cxfnp
4081234620,9747930866796670,nvkgv
4081234621,9739719008130620,ykgpa
4081234622,9739719023103100,gtpgq
4081234623,9739719025403780,rvjoz
4081234624,9739719027085960,wqucx
4081234625,9739719030606160,ecezu
4081234626,9739719031680010,jdinm
4081234627,9739719043767020,xhnot
4081234628,9739719057934730,xyegr
4081234629,9739719058101610,xataz
4081234630,9739719064895720,qewtz
4081234631,9739719068371290,qqksd
4081234632,9739719072782610,hozra
4081234633,9739719075794610,dozwb
4081234634,9739719094918760,eqver
4081234635,9739719095008370,gnuge
4081234636,9739719096381500,tuovs
4081234637,9739719106282300,imbyg
4081234638,9739719110812160,mbutx
4081234639,9739719118920250,ggvtj
4081234640,9739719131185760,wkmoz
4081234641,9739719143281270,xaktc
4081234642,9739719143926800,ibbdh
4081234643,9739719146324960,uqptg
4081234644,9739719149100180,gyjga
4081234645,9739719154444410,dllkr
4081234646,9739719164411560,pkbec
4081234647,9739719166776740,gljxm
4081234648,9739719168830140,oslgo
4081234649,9739719173648330,ogdaq
4081234650,9739719178928050,sfuum
4081234651,9739719183512350,zmudd
4081234652,9739719184558480,ernei
4081234653,9739719195919610,burbf
4081234654,9739719203775330,beebf
4081234655,9739719208434200,vaayc
4081234656,9739719210927120,avboe
4081234657,9739719211419640,jyuoa
4081234658,9739719213846540,mszov
4081234659,9739719217770130,aesad
4081234660,9739719218831030,ihrls
4081234661,9739719221596180,lokxm
4081234662,9739719222183520,vhcxt
4081234663,9739719222975340,lbryc
4081234664,9739719225550880,eyekq
4081234665,9739719241967110,myzwn
4081234666,9739719245213070,qnkqs
4081234667,9739719247235340,bdibv
4081234668,9739719252923010,frlhw
4081234669,9739719255396150,ubzyw
4081234670,9739719263116820,oyasq
4081234671,9739719265033840,cmfcz
4081234672,9739719266352580,oohph
4081234673,9739719271229600,qdqci
4081234674,9739719273666990,snfor
4081234675,9739719278968800,kkwzo
4081234676,9739719297509790,wyusp
4081234677,9739719305512950,ielwo
4081234678,9739719311673740,jfjmp
4081234679,9739719313037450,nazds
4081234680,9739719321620720,pnexh
4081234681,9739719335782490,hsleo
4081234682,9739719362949770,jvqvf
4081234683,9739719366135920,tkutk
4081234684,9739719376647680,fvkzo
4081234685,9739719393775650,iqjry
4081234686,9739719411523560,fbpvj
4081234687,9739719425620160,ynahc
4081234688,9739719432267570,bcgvt
4081234689,9739719437380820,tvoto
4081234690,9739719440659890,ifjyp
4081234691,9739719446572200,vyekz
4081234692,9739719447035320,qelru
4081234693,9739719450621370,vrars
4081234694,9739719450904230,pyznd
4081234695,9739719453975010,vsnjt
4081234696,9739719458629210,smaie
4081234697,9739719463314910,mbnhh
4081234698,9739719463604570,sieut
4081234699,9739719468451910,renoo
4081234700,9739719469389960,baish
4081234701,9739719472891630,hcglm
4081234702,9739719473067160,hyfky
4081234703,9739719474404480,qyslx
4081234704,9739719477765630,zrflz
4081234705,9739719479026420,ebwga
4081234706,9739719482717330,njdvz
4081234707,9739719486027930,aznew
4081234708,9739719488718500,hnyqr
4081234709,9739719491107160,qmikq
4081234710,9739719491297470,zsuue
4081234711,9739719495945240,loxwx
4081234712,9739719502561880,lzftt
4081234713,9739719515997560,vazff
4081234714,9739719528376470,ttvxz
4081234715,9739719531174480,znfko
4081234716,9739719532943260,ybdqq
4081234717,9739719536627500,pudrm
4081234718,9739719537477440,ojfql
4081234719,9739719549281910,bhwsg
4081234720,9739719549691530,vheic
4081234721,9739719550137470,xezej
4081234722,9739719550196940,hadzo
4081234723,9739719555984650,cbcko
4081234724,9739719556897430,xdjtz
4081234725,9739719566979140,gzmvj
4081234726,9739719570032520,cxhec
4081234727,9739719572327290,laxem
4081234728,9739719574796710,sqrxa
4081234729,9739719574879160,diceo
4081234730,9739719581201540,jotfq
4081234731,9739719600730540,zprgj
4081234732,9739719605409880,hialm
4081234733,9739719621902890,hdaga
4081234734,9739719623112600,pujyg
4081234735,9739719623643060,plumr
4081234736,9739719624160670,iqabf
4081234737,9739719628646550,fzqol
4081234738,9739719633433090,blhab
4081234739,9739719633963340,gtzzx
4081234740,9739719634347240,faudg
4081234741,9739719644786110,uqupp
4081234742,9739719653165980,prwev
4081234743,9739719664683850,sxhbd
4081234744,9739719670912840,cfkoi
4081234745,9739719699887840,qfbux
4081234746,9739719704113740,zolhu
4081234747,9739719715767100,anynt
4081234748,9739719716213490,qmzoi
4081234749,9739719720672920,tvgyw
4081234750,9739719721667620,wqatm
4081234751,9739719722887720,brhyp
4081234752,9739719725600200,xttsx
4081234753,9739719735810950,tgwjm
4081234754,9739719740946250,zyfbr
4081234755,9739719741312140,dtrzr
4081234756,9739719741658590,bsmwt
4081234757,9739719754780620,vgufq
4081234758,9739719757272330,xqmcf
4081234759,9739719764433250,ysifc
4081234760,9739719768453340,knnsn
4081234761,9739719774474320,slsrh
4081234762,9739719776625060,vxjkf
4081234763,9739719780923630,xejya
4081234764,9739719784289170,tkyhu
4081234765,9739719787482970,dptgz
4081234766,9739719790004930,jhxfw
4081234767,9739719792953130,depxi
4081234768,9739719795790670,owedp
4081234769,9722647003119400,qyvxr
4081234770,9722647003959660,sapfr
4081234771,9722647006084900,eccmp
4081234772,9722647006959170,cuwry
4081234773,9722647007863690,uvmjj
4081234774,9722647008433930,cojmh
4081234775,9722647010952190,xhwgm
4081234776,9722647012266060,ahcyr
4081234777,9722647013670000,ihbzb
4081234778,9722647014665360,lanjp
4081234779,9722647014673530,hyyhb
4081234780,9722647015482950,yajfs
4081234781,9722647016442410,bywbf
4081234782,9722647016514680,xlfbm
4081234783,9722647018414140,iygik
4081234784,9722647019224900,udvuq
4081234785,9722647021415630,frnew
4081234786,9722647021538730,abrhx
4081234787,9722647022393910,vitwn
4081234788,9722647022710930,uwphw
4081234789,9722647022859240,lgrjm
4081234790,9722647023759300,bzmcn
4081234791,9722647024356930,zcjtg
4081234792,9722647028314800,wlrnl
4081234793,9722647028634990,hkcyu
4081234794,9722647030581100,wgknv
4081234795,9722647031908100,nvdhp
4081234796,9722647033490010,tdecu
4081234797,9722647035447330,winhb
4081234798,9722647036753860,tnegm
4081234799,9722647039389310,hhngp
4081234800,9722647039637780,pdhqt
4081234801,9722647040044720,ibyqz
4081234802,9722647042789590,hvqvg
4081234803,9722647045230210,shtnr
4081234804,9722647045595210,hklvu
4081234805,9722647046199580,yjvqk
4081234806,9722647047786020,tsaue
4081234807,9722647049228710,kfilu
4081234808,9722647051397310,adpjc
4081234809,9722647052260940,lwzoq
4081234810,9722647053212940,tnipj
4081234811,9722647053229700,nqsjt
4081234812,9722647053382840,jajnx
4081234813,9722647053819690,oxnqr
4081234814,9722647055813740,dwjlb
4081234815,9722647056015140,kprdq
4081234816,9722647057294660,czotz
4081234817,9722647059121560,fbcba
4081234818,9722647059810880,jotmx
4081234819,9722647060053250,qxslb
4081234820,9722647060444190,vxnjf
4081234821,9722647064484900,wgbti
4081234822,9722647064861180,tcawh
4081234823,9722647065004000,fdfss
4081234824,9722647065445460,qpqmv
4081234825,9722647065469840,rmuod
4081234826,9722647065914790,uxurd
4081234827,9722647068692470,hfhko
4081234828,9722647069016370,zmljy
4081234829,9722647069585720,fxoxg
4081234830,9722647072525470,byvuz
4081234831,9722647074906470,kzdso
4081234832,9722647075166300,hqqeo
4081234833,9722647076385570,aothh
4081234834,9722647077238340,pfdah
4081234835,9722647079384410,zovlr
4081234836,9722647080228700,buxuo
4081234837,9722647081370850,yoiqn
4081234838,9722647082662600,sdkep
4081234839,9722647082790420,yskho
4081234840,9722647083739550,dsigp
4081234841,9722647086245710,qjunt
4081234842,9722647090322330,bjcue
4081234843,9722647090442510,sfoda
4081234844,9722647094257670,iqnxg
4081234845,9722647096667890,mbhwu
4081234846,9722647097081550,wmzpw
4081234847,9722647098711470,sxasz
4081234848,9722647099442780,rukdb
4081234849,9722647100330770,aqrnr
4081234850,9722647100678820,dglus
4081234851,9722647101436280,rpqrl
4081234852,9722647102313360,vxred
4081234853,9722647102587370,fjqoi
4081234854,9722647105090190,vsusd
4081234855,9722647105779580,rybwx
4081234856,9722647106370550,fdyoj
4081234857,9722647106552030,xstts
4081234858,9722647107888050,ugpcg
4081234859,9722647108233840,fxefm
4081234860,9722647111428190,teytg
4081234861,9722647111432610,eprez
4081234862,9722647112407930,efcvm
4081234863,9722647114895320,zllry
4081234864,9722647115786790,fxnwv
4081234865,9722647115944530,ukoda
4081234866,9722647116896010,jeqpe
4081234867,9722647122425150,rhpha
4081234868,9722647122582430,gxkts
4081234869,9722647122973700,mlxoq
4081234870,9722647123293970,zdfpy
4081234871,9722647123918950,hvkyb
4081234872,9722647126158370,ihipf
4081234873,9722647126447400,uqbir
4081234874,9722647127566820,iujue
4081234875,9722647128877700,yoqrg
4081234876,9722647128984890,utejw
4081234877,9722647131939050,seaou
4081234878,9722647143785250,qyujs
4081234879,9722647143919780,anvsj
4081234880,9722647148106370,npqcx
4081234881,9722647149186680,acdyu
4081234882,9722647149548900,jiwko
4081234883,9722647149803590,ksfje
4081234884,9722647150064430,hasbc
4081234885,9722647150396310,lgsor
4081234886,9722647151910660,lynlh
4081234887,9722647152607780,vwldc
4081234888,9722647152757830,seojo
4081234889,9722647152816080,emwlw
4081234890,9722647155077610,xbwgk
4081234891,9722647155138850,cwaum
4081234892,9722647155523270,jfbqb
4081234893,9722647156720610,ukirt
4081234894,9722647157064970,sdvxo
4081234895,9722647158182520,ewnvn
4081234896,9742078004210960,yyhnw
4081234897,9742078004970530,rpkex
4081234898,9742078008954270,jbfws
4081234899,9742078018308050,rmale
4081234900,9742078023059900,thbif
4081234901,9742078024005130,lcmxi
4081234902,9742078030901340,pikqm
4081234903,9742078032074850,uwfct
4081234904,9742078044446330,sitbj
4081234905,9742078045824740,hlqcx
4081234906,9742078046319250,pvmpq
4081234907,9742078055128930,nzkhw
4081234908,9742078072114030,ajvmr
4081234909,9742078073946560,lnarf
4081234910,9742078077510760,jzmfy
4081234911,9742078078595430,shtlk
4081234912,9742078086184110,xobkf
4081234913,9742078089088550,tuzas
4081234914,9742078089277800,bpntg
4081234915,9742078093859350,vevlr
4081234916,9742078094149880,lyjqq
4081234917,9742078094553600,mkfqp
4081234918,9742078099685670,ihphm
4081234919,9742078114157380,tnayq
4081234920,9742078118538680,oejdt
4081234921,9742078134503810,tqrjk
4081234922,9742078141954720,wusxp
4081234923,9742078168585480,cuxyd
4081234924,9742078168824830,qdynp
4081234925,9742078171387170,akquk
4081234926,9742078177966600,lbuzk
4081234927,9742078180686480,tonpz
4081234928,9742078200100110,lwhpb
4081234929,9742078206733450,jdxxh
4081234930,9742078208691690,xbdgf
4081234931,9742078211952540,wnhet
4081234932,9742078217268260,opxwn
4081234933,9742078220622350,vgvqs
4081234934,9742078223171910,iymrv
4081234935,9742078223852870,dhdud
4081234936,9742078224923500,rzokd
4081234937,9742078227129310,bnzck
4081234938,9742078228372400,bovxz
4081234939,9742078230911980,ifecr
4081234940,9742078242461030,exhxv
4081234941,9742078248204830,ghare
4081234942,9742078255235430,cagwr
4081234943,9742078256756150,rlymv
4081234944,9742078256900120,woapc
4081234945,9742078257535770,cymkl
4081234946,9742078271902400,nptcu
4081234947,9742078283562180,qajeo
4081234948,9742078284160480,ynajv
4081234949,9742078287149120,chxuf
4081234950,9742078287271520,zsjxv
4081234951,9742078288679530,nlcub
4081234952,9742078289763080,sucrq
4081234953,9742078301397430,bpcnh
4081234954,9742078305679210,hhotj
4081234955,9742078324436510,slvyv
4081234956,9742078324883050,hcygs
4081234957,9742078326954970,xisik
4081234958,9742078353562290,rhdqj
4081234959,9742078360144530,lctky
4081234960,9742078365022960,bkyzx
4081234961,9742078367144030,lnnry
4081234962,9742078384567000,cbkgi
4081234963,9742078387008170,oybay
4081234964,9742078409810330,trezs
4081234965,9742078409829760,iqpqb
4081234966,9742078419529270,pdoum
4081234967,9742078420363490,ipkbs
4081234968,9742078423612380,dqoto
4081234969,9742078441111450,chsjs
4081234970,9742078441191130,jvyll
4081234971,9742078443521280,qdnxb
4081234972,9742078446018740,ieshz
4081234973,9742078446911470,hknue
4081234974,9742078449738470,eamdy
4081234975,9742078451590160,jtbhy
4081234976,9742078459329750,whlok
4081234977,9742078468614370,ktcux
4081234978,9742078477103940,pxava
4081234979,9742078478938780,mxczy
4081234980,9742078484143700,lpyoe
4081234981,9742078497271380,wlrsy
4081234982,9742078504434300,eqnrz
4081234983,9742078514918000,eyrjs
4081234984,9742078516158420,lhqmb
4081234985,9742078518170010,pbzre
4081234986,9742078519870390,smnxr
4081234987,9742078522046070,njqbl
4081234988,9742078535328050,ivevx
4081234989,9742078539829520,gfooc
4081234990,9742078544523130,jyzgk
4081234991,9742078556517990,oaehv
4081234992,9742078557604830,tmenc
4081234993,9742078565956870,rllwe
4081234994,9742078568694720,cpcow
4081234995,9742078576435750,wqqze
4081234996,9742078578535660,unddv
4081234997,9742078585725760,yqekt
4081234998,9742078594874720,owyhn
4081234999,9742078595487180,wqjrj
4081235000,9742078597479220,aozft
4081235001,9742078608623610,mjqfm
4081235002,9742078617722380,jpomb
4081235003,9742078627162390,ugiho
4081235004,9742078628714300,cprdd
4081235005,9742078631902870,frazg
4081235006,9742078648980160,yours
4081235007,9742078649857960,hwkuz
4081235008,9742078651421280,unveh
4081235009,9742078652106000,dkqhd
4081235010,9742078652407050,adkup
4081235011,9742078656867170,crhnj
4081235012,9742078658781040,cxmyv
4081235013,9742078663558880,uquuz
4081235014,9742078669038510,qscot
4081235015,9742078669787000,nbnfx
4081235016,9742078671643570,wqajh
4081235017,9742078674629560,errht
4081235018,9742078677844390,gzgso
4081235019,9742078679125770,jlhua
4081235020,9742078679400050,nazgk
4081235021,9742078683511490,nqryo
4081235022,9742078685118610,thnjf
4081235023,9742078685343690,ulgvu
4081235024,9742078687449990,dcrav
4081235025,9742078689584720,vrouo
4081235026,9742078691632260,rflaj
4081235027,9742078691848430,arbwm
4081235028,9742078695689300,admrp
4081235029,9742078700648970,gpnfi
4081235030,9742078704555990,jrhfm
4081235031,9742078707055100,huzui
4081235032,9742078719961940,zxmhv
4081235033,9742078742656470,xclbu
4081235034,9742078749034470,loazo
4081235035,9742078754413650,zaqqd
4081235036,9742078780507930,xntwi
4081235037,9742078780873820,djctx
4081235038,9742078782920790,lmfge
4081235039,9742078785285000,ldymh
4081235040,9742078789760040,uzqgl
4081235041,9742078791664130,nnnrr
4081235042,9742078796774380,xqqwe
4081235043,9735950000929890,ctipd
4081235044,9735950009937280,hxltm
4081235045,9735950025292100,widdz
4081235046,9735950031238630,hvtsw
4081235047,9735950033625870,ooeen
4081235048,9735950034713500,nsotq
4081235049,9735950042683830,knigf
4081235050,9735950045617270,jvjyi
4081235051,9735950048822130,svzln
4081235052,9735950055071290,oldec
4081235053,9735950065055760,febvx
4081235054,9735950066775930,cnixz
4081235055,9735950066777060,mcznz
4081235056,9735950070183580,rdoit
4081235057,9735950071720590,ufnfe
4081235058,9735950075664090,rahvf
4081235059,9735950090705230,kgzpj
4081235060,9735950091555460,ltndb
4081235061,9735950097684800,jhoaq
4081235062,9735950097820360,dwkjp
4081235063,9735950110513750,ocklw
4081235064,9735950119070240,nepxr
4081235065,9735950124575010,aejgi
4081235066,9735950124936510,cgcpd
4081235067,9735950127685910,krppk
4081235068,9735950130863450,xongp
4081235069,9735950141943270,ebmkr
4081235070,9735950146035910,sszar
4081235071,9735950154667920,jrvfb
4081235072,9735950165095320,yekoe
4081235073,9735950178288980,ctxfu
4081235074,9735950189032540,xrnep
4081235075,9735950191613050,bbqmq
4081235076,9735950195245250,tdzww
4081235077,9735950197469240,rzrvn
4081235078,9735950206673910,rtqjn
4081235079,9735950208443970,xoqvx
4081235080,9735950211169760,usbip
4081235081,9735950212454550,cmcsu
4081235082,9735950237960980,xepyx
4081235083,9735950248592130,jthju
4081235084,9735950256001090,moxob
4081235085,9735950256281400,yzrmo
4081235086,9735950263256230,otsgf
4081235087,9735950266601580,bjsss
4081235088,9735950272959010,gjikb
4081235089,9735950276649760,frdwb
4081235090,9735950280433010,rufzo
4081235091,9735950282076480,xkuvr
4081235092,9735950285670580,qvdhi
4081235093,9735950286840230,ghwzd
4081235094,9735950287357580,adtvl
4081235095,9735950297087100,varrx
4081235096,9735950299711370,oualw
4081235097,9735950300749780,dqxfq
4081235098,9735950303419660,qggxq
4081235099,9735950305279400,sogpm
4081235100,9735950306940450,pegdc
4081235101,9735950308753820,mmjlg
4081235102,9735950322124750,kxykr
4081235103,9735950324678350,tjykq
4081235104,9735950324845060,zjoyp
4081235105,9735950326830550,wbjas
4081235106,9735950326845560,cejiv
4081235107,9735950331706610,cwcvj
4081235108,9735950333492010,qbpux
4081235109,9735950334304390,gmhnr
4081235110,9735950335426450,jhmbs
4081235111,9735950336192960,yiqmb
4081235112,9735950345966350,hftzp
4081235113,9735950368560620,ctcaa
4081235114,9735950399592230,lvkyt
4081235115,9735950416264850,lcakr
4081235116,9735950420067530,hvuqo
4081235117,9735950421424760,aemqj
4081235118,9735950425334820,jtlle
4081235119,9735950431068960,jwcrk
4081235120,9735950432669360,zhtgp
4081235121,9735950432968080,nrcry
4081235122,9735950436867030,mbkwv
4081235123,9735950443247780,hgljk
4081235124,9735950454652080,dkmmf
4081235125,9735950462677220,jyucn
4081235126,9735950463881430,kidyc
4081235127,9735950465980130,nkxdz
4081235128,9735950469314610,gomuw
4081235129,9735950469367350,mtyvg
4081235130,9735950471710340,fgpsv
4081235131,9735950472393200,qoeih
4081235132,9735950475255270,wnlgl
4081235133,9735950487240570,ubkmd
4081235134,9735950493151350,etxfp
4081235135,9735950495379830,cpwkj
4081235136,9735950497565520,dlaef
4081235137,9735950502081350,ryycf
4081235138,9735950502517090,kqslq
4081235139,9735950511739650,srswy
4081235140,9735950515635000,vfqun
4081235141,9735950516246700,mabrc
4081235142,9735950525256280,ltzia
4081235143,9735950545273830,zivhy
4081235144,9735950551750400,mupdn
4081235145,9735950556720960,dznar
4081235146,9735950568179240,qwsxs
4081235147,9735950576570350,jlxiw
4081235148,9735950579586100,nlpra
4081235149,9735950579593640,bbjzw
4081235150,9735950583704720,ivvbk
4081235151,9735950586676650,wpmmw
4081235152,9735950600647610,ywzra
4081235153,9735950601093070,tslye
4081235154,9735950604331440,vufkp
4081235155,9735950613678820,azwhn
4081235156,9735950618730980,efqgh
4081235157,9735950628860180,tqnsn
4081235158,9735950650758610,mqvkm
4081235159,9735950651545170,ufsdr
4081235160,9735950653469750,bsaum
4081235161,9735950653938060,axdmo
4081235162,9735950654499220,mvmir
4081235163,9735950662689910,hecfc
4081235164,9735950668907120,uezys
4081235165,9735950669963090,rmfxv
4081235166,9735950670763730,bzouj
4081235167,9735950679673320,lhpgc
4081235168,9735950704188580,cfcpa
4081235169,9735950705119270,ctjji
4081235170,9735950708901050,bwqzu
4081235171,9735950710769490,prbnv
4081235172,9735950713855720,xjvsa
4081235173,9735950734989970,jshit
4081235174,9735950736672970,kvhtr
4081235175,9735950743331160,gscmx
4081235176,9735950747418540,ajrnh
4081235177,9735950747729020,hcaic
4081235178,9735950748955850,ptzex
4081235179,9735950749871620,zzvhw
4081235180,9735950754762890,fauuz
4081235181,9735950755642800,qrppy
4081235182,9735950762063070,bwffi
4081235183,9735950764140010,xhkzp
4081235184,9735950766368860,lkgbm
4081235185,9735950766787580,tnhhw
4081235186,9735950778978120,hbnsf
4081235187,9735950780358370,yjzpw
4081235188,9735950787526060,fjnle
4081235189,9735950789680190,wfixv
4081235190,9735950791299090,zyubc
4081235191,9735950804380810,djoch
4081235192,9735950807665980,aojrc
4081235193,9735950820343320,yfwyn
4081235194,9735950823670320,auclg
4081235195,9735950828496780,avzeq
4081235196,9735950831929390,pdjfo
4081235197,9735950847234530,iwlnf
4081235198,9735950849728870,ypoat
4081235199,9735950852392030,vrjdh
4081235200,9735950854794680,gyfxm
4081235201,9735950873616460,kslbk
4081235202,9735950874974290,lcimf
4081235203,9735950875445910,bncxq
4081235204,9735950884612280,yydcu
4081235205,9735950885747150,rrmjw
4081235206,9735950898750100,ylhqx
4081235207,9735950905471790,erttm
4081235208,9735950907944720,zazlj
4081235209,9735950911656640,xqirk
4081235210,9735950913368600,taczo
4081235211,9735950913748830,kmztw
4081235212,9735950919690080,nfmwk
4081235213,9735950942296010,npmda
4081235214,9735950975428050,adnhj
4081235215,9735950984324440,ihhfu
4081235216,9735950987062510,yhurp
4081235217,9735950995478260,blpev
4081235218,9735950996882480,icrgk
4081235219,9747378000239820,kllqi
4081235220,9747378000758850,xxaqu
4081235221,9747378009514090,zestb
4081235222,9747378012588360,kzzbx
4081235223,9747378021244110,rxori
4081235224,9747378028710740,yxypv
4081235225,9747378042246000,hbese
4081235226,9747378043727900,ytubu
4081235227,9747378047359390,bdkyt
4081235228,9747378049809380,kutww
4081235229,9747378050931500,jtjqo
4081235230,9747378054620990,cyqan
4081235231,9747378055067430,eusey
4081235232,9747378058331410,bmdlt
4081235233,9747378060052510,eexyz
4081235234,9747378064184620,tpfhn
4081235235,9747378073674020,wlywu
4081235236,9747378073822320,nzeum
4081235237,9747378076485420,jmlbf
4081235238,9747378077555520,owdiq
4081235239,9747378077637420,rziel
4081235240,9747378080256340,hptre
4081235241,9747378080481210,idnst
4081235242,9747378085382120,xvrfm
4081235243,9747378086163920,wddjp
4081235244,9747378102022560,cmmlb
4081235245,9747378107126970,dnupv
4081235246,9747378116957560,upwcg
4081235247,9747378118709640,abcqy
4081235248,9747378119203470,uunhl
4081235249,9747378121444050,snkyg
4081235250,9747378122372010,riuvs
4081235251,9747378125195740,ijywz
4081235252,9747378143486920,lapww
4081235253,9747378147488480,puigu
4081235254,9747378151992610,zdxae
4081235255,9747378155988860,islid
4081235256,9747378159708970,hpkuh
4081235257,9747378170772700,tmhrw
4081235258,9747378186260310,wvmuy
4081235259,9747378192617820,bfjkg
4081235260,9747378199023040,tqmfu
4081235261,9747378208425750,glodb
4081235262,9747378211131320,qvopi
4081235263,9747378226106990,ymffl
4081235264,9747378228016010,qphac
4081235265,9747378234913820,mmcxr
4081235266,9747378241141060,ekyng
4081235267,9747378242713010,wbsfw
4081235268,9747378243175320,xyxil
4081235269,9747378244773980,ptdcg
4081235270,9747378244914250,qboyu
4081235271,9747378271274180,uzeuy
4081235272,9747378271360460,nfxnc
4081235273,9747378285585330,eridg
4081235274,9747378287972130,cdkvl
4081235275,9747378288431330,ubfwa
4081235276,9747378290777340,qfcbv
4081235277,9747378292618940,mwzlq
4081235278,9747378292653670,amrbz
4081235279,9747378295257090,bglyf
4081235280,9747378296099270,acuwc
4081235281,9747378301535430,pbhyc
4081235282,9747378309294090,nucxd
4081235283,9747378310331960,lbgvk
4081235284,9747378318447280,vfqyr
4081235285,9747378335026110,rfhqd
4081235286,9747378336218210,zyyhq
4081235287,9747378363351460,cyfmz
4081235288,9747378364444660,mulmf
4081235289,9747378365869220,otiye
4081235290,9747378370736910,mjzbb
4081235291,9747378372037820,rnshs
4081235292,9747378383874770,zsyhy
4081235293,9747378385406210,adhdr
4081235294,9747378403264240,mzozy
4081235295,9747378411708750,dkltz
4081235296,9747378414182750,vaqto
4081235297,9747378417018070,hrgbj
4081235298,9747378420305050,zetuf
4081235299,9747378421553230,rrhmk
4081235300,9747378432831310,mhiyq
4081235301,9747378438138100,bkjvj
4081235302,9747378441089680,wpkzp
4081235303,9747378446113860,vtggm
4081235304,9747378446299210,zxzsv
4081235305,9747378450123830,jovwt
4081235306,9747378455642140,tvuki
4081235307,9747378460282010,hcgcu
4081235308,9747378462769650,pttgi
4081235309,9747378467740990,atyzp
4081235310,9747378476497630,vvbcz
4081235311,9747378481412350,qszus
4081235312,9747378481603590,wcuxu
4081235313,9747378482510410,ihiti
4081235314,9747378484003040,sgasi
4081235315,9747378486477690,vwdqx
4081235316,9747378487370780,jjnsn
4081235317,9747378504773250,xzfxh
4081235318,9747378510618030,fvxho
4081235319,9747378515298380,fypkt
4081235320,9747378533640300,msayo
4081235321,9747378535214950,yugxw
4081235322,9747378542275810,mnxju
4081235323,9747378546831760,girbo
4081235324,9747378547895470,ydawc
4081235325,9747378548318630,mtgpr
4081235326,9747378563308200,jklkh
4081235327,9747378574010660,dbihw
4081235328,9747378574506670,sxian
4081235329,9747378576954730,rqygg
4081235330,9747378576992700,gpoyt
4081235331,9747378589023040,mrotm
4081235332,9747378601035490,cklga
4081235333,9747378602372050,gzvjw
4081235334,9747378604170200,nlsfh
4081235335,9747378609058880,tfyri
4081235336,9747378609958490,vnsvw
4081235337,9747378615120510,ripyf
4081235338,9747378620870150,vvtco
4081235339,9747378625713300,cmdet
4081235340,9747378629992310,camih
4081235341,9747378633253530,qfcwq
4081235342,9747378642594540,twcnr
4081235343,9729678000396450,cudwp
4081235344,9729678001694370,ibvwp
4081235345,9729678001968130,gamkq
4081235346,9729678004515060,qgydk
4081235347,9729678005703600,rzywa
4081235348,9729678008520410,cbplm
4081235349,9729678010587830,reyzn
4081235350,9729678011968410,ogmir
4081235351,9729678012662630,qowft
4081235352,9729678013057220,hfxva
4081235353,9729678017979520,yemib
4081235354,9729678019270000,nngbt
4081235355,9729678020222040,aqego
4081235356,9729678020722600,vgnwe
4081235357,9729678021620290,bjahk
4081235358,9729678024651760,pjxfh
4081235359,9729678025200280,yqghl
4081235360,9729678028178700,gywyn
4081235361,9729678030074780,xzgqf
4081235362,9729678030320310,xrtwp
4081235363,9729678030653580,cukxp
4081235364,9729678031134780,yzfoz
4081235365,9729678031789690,lejoo
4081235366,9729678031962320,gvsxe
4081235367,9729678034219630,djusc
4081235368,9729678037795770,wriey
4081235369,9729678040458640,utohr
4081235370,9729678041773940,jozfq
4081235371,9729678042597200,hnogc
4081235372,9729678045028190,xgdbv
4081235373,9729678049772020,setur
4081235374,9729678050902480,hqfzw
4081235375,9729678051696760,uxeht
4081235376,9729678052726860,aupjc
4081235377,9729678054319500,swohu
4081235378,9729678055062050,gstsz
4081235379,9729678055449020,xlijy
4081235380,9729678055551730,dihqh
4081235381,9729678055792090,rnlnt
4081235382,9729678056673540,gdbpp
4081235383,9729678056818310,wjwca
4081235384,9729678056884060,snncv
4081235385,9729678059326600,cdsgn
4081235386,9729678060336870,kpxob
4081235387,9729678060645550,gkjnj
4081235388,9729678061752230,pefmt
4081235389,9729678064970830,talam
4081235390,9729678066014620,dnoyh
4081235391,9729678066981230,refpr
4081235392,9729678068028130,llevl
4081235393,9729678068302770,mqcfb
4081235394,9729678069715330,tucsd
4081235395,9729678071078970,qmuxb
4081235396,9729678072544670,jjcwt
4081235397,9729678075885620,editi
4081235398,9729678076974160,rasru
4081235399,9729678080296610,rxtti
4081235400,9729678080379730,xswkn
4081235401,9729678082224800,bkhvf
4081235402,9729678082248130,dwhqj
4081235403,9729678083172920,qokci
4081235404,9729678083519800,orjxg
4081235405,9729678086512890,kkpnz
4081235406,9729678087288310,fslmk
4081235407,9729678087905760,qepdq
4081235408,9729678089075580,mgmfd
4081235409,9729678090789650,xsavy
4081235410,9729678091194920,hbuxd
4081235411,9729678091799600,riyfw
4081235412,9729678092258910,osszc
4081235413,9729678093586210,oohvn
4081235414,9729678095281000,xijfy
4081235415,9729678096749900,qaooi
4081235416,9729678097397960,doshm
4081235417,9729678097824230,egmoe
4081235418,9729678099595540,agshs
4081235419,9729678100670300,pqkdd
4081235420,9729678100813420,ekgsu
4081235421,9729678102560880,owsvg
4081235422,9729678102688960,faygj
4081235423,9729678102781110,dljtj
4081235424,9729678102922500,jpzrd
4081235425,9729678102946350,qtize
4081235426,9729678106485750,szoat
4081235427,9729678107859050,exuie
4081235428,9729678107865390,doxja
4081235429,9729678108663330,xyziw
4081235430,9729678109024910,zxcsn
4081235431,9729678109361970,yhtus
4081235432,9729678112168670,unbhn
4081235433,9729678114243720,syztx
4081235434,9729678114500080,dyowe
4081235435,9729678114518860,mvtgx
4081235436,9729678114532300,czner
4081235437,9729678114765390,rhfcs
4081235438,9729678116576630,elqkr
4081235439,9729678117329450,zyazd
4081235440,9729678117670060,ouimz
4081235441,9729678119809500,hauss
4081235442,9729678123058520,zrlku
4081235443,9729678123468810,dflfb
4081235444,9729678123569980,dcqch
4081235445,9729678124188350,knjer
4081235446,9729678125432980,apvvh
4081235447,9729678125792820,rohhs
4081235448,9729678125838480,kpwhf
4081235449,9729678125922550,cqbrz
4081235450,9729678126149630,foawv
4081235451,9729678126522400,idlbs
4081235452,9729678127180660,qngva
4081235453,9729678127787830,timkm
4081235454,9729678128611400,fiobx
4081235455,9729678131378010,jhccj
4081235456,9729678133364560,oloik
4081235457,9729678135144100,kvvqh
4081235458,9729678135162760,oheis
4081235459,9729678136297240,qxoig
4081235460,9729678137567230,dcelw
4081235461,9729678137887050,lzvlo
4081235462,9729678139689040,vxazy
4081235463,9729678140767370,bnwdp
4081235464,9729678142705850,ckpkd
4081235465,9729678143309620,hskac
4081235466,9729678143942260,ztsma
4081235467,9729678144265690,budhk
4081235468,9729678144409100,rqmmm
4081235469,9729678145457470,jggac
4081235470,9729678147145960,zrtcr
4081235471,9729678147679790,exwmv
4081235472,9729678147902130,uhejk
4081235473,9729678149225030,lzigi
4081235474,9729678149544440,juwnw
4081235475,9729678149554500,hzabj
4081235476,9729678149775980,ofovg
4081235477,9729678151089900,jxdzp
4081235478,9729678151220370,kvmcn
4081235479,9729678151422170,vdeef
4081235480,9729678154706020,xawnx
4081235481,9729678154829790,fanmi
4081235482,9729678155758590,ofnsv
4081235483,9729678155803690,cumos
4081235484,9729678156317620,zzezz
4081235485,9729678156838420,ukysg
4081235486,9729678158395330,bgkzs
4081235487,9729678158609080,jrpuj
4081235488,9748320008770040,gaxui
4081235489,9748320016444520,npyft
4081235490,9748320016781570,gpwts
4081235491,9748320036532680,gjdmx
4081235492,9748320052510970,wnggm
4081235493,9748320066914880,rgmfv
4081235494,9748320071804220,yievm
4081235495,9748320074061430,nmszy
4081235496,9748320086905230,hsxhj
4081235497,9748320102271580,qtjxf
4081235498,9748320103087750,uqqke
4081235499,9748320105593800,tszpk
4081235500,9748320111598910,cwsav
4081235501,9748320119646130,asdij
4081235502,9748320120395970,thjxs
4081235503,9748320120716740,ibofg
4081235504,9748320121538470,ydjib
4081235505,9748320138958980,jkrfb
4081235506,9748320142218070,avire
4081235507,9748320152140560,olyuj
4081235508,9748320165608600,zeitu
4081235509,9748320169586380,oejzo
4081235510,9748320172806780,xbmiw
4081235511,9748320173445830,gjkhl
4081235512,9748320179693610,txldd
4081235513,9748320180000240,avuww
4081235514,9748320180077670,edthv
4081235515,9748320182858340,pllfv
4081235516,9748320185273630,lrcyu
4081235517,9748320185766370,ezqjy
4081235518,9748320189149850,kpvdl
4081235519,9748320191512870,bccxm
4081235520,9748320193381410,chqco
4081235521,9748320196491810,lflid
4081235522,9748320218455540,thnut
4081235523,9748320228670280,fqlha
4081235524,9748320232855120,xhbbn
4081235525,9748320234701610,gxbxs
4081235526,9748320235643480,bgddj
4081235527,9748320239533190,ozrxl
4081235528,9748320257741320,fsxca
4081235529,9748320261175040,vfwch
4081235530,9748320270819200,igezt
4081235531,9748320284630490,glteh
4081235532,9748320287739910,uphqx
4081235533,9748320302763370,uvbcd
4081235534,9748320309946420,htyqu
4081235535,9748320331834920,lewlw
4081235536,9748320349867700,dhrhz
4081235537,9748320366921820,euqtu
4081235538,9748320367508120,trnqm
4081235539,9748320373482570,hzxwi
4081235540,9748320388667560,efcsm
4081235541,9748320390922890,mwvcj
4081235542,9748320392401790,vvzzg
4081235543,9748320406596120,pqtuz
4081235544,9748320407365320,cfpkt
4081235545,9748320410917470,bkqwx
4081235546,9748320424174850,xnqca
4081235547,9748320432461590,zysqx
4081235548,9748320434663050,zfcsf
4081235549,9748320440933390,edhmp
4081235550,9748320441111450,pkfau
4081235551,9748320444252400,fpbwu
4081235552,9748320445035830,qdakv
4081235553,9748320445626660,bryzq
4081235554,9748320446679840,ocmrg
4081235555,9748320450262780,whlrl
4081235556,9748320453676520,xaohj
4081235557,9748320455736080,xbuar
4081235558,9748320464791630,evgbk
4081235559,9748320465595420,jgdrn
4081235560,9748320472701400,fazja
4081235561,9748320475881290,exfvg
4081235562,9748320480816460,uxisl
4081235563,9748320480903220,gidea
4081235564,9748320485771540,vkleb
4081235565,9748320486159580,yynlg
4081235566,9748320487359050,bqvyl
4081235567,9748320488775070,yqpsb
4081235568,9748320493857470,elwvw
4081235569,9748320494315060,oikna
4081235570,9748320495439340,kmrav
4081235571,9748320498723040,scgln
4081235572,9748320508592150,wprvi
4081235573,9748320533022760,wleyj
4081235574,9748320534359880,sotzv
4081235575,9748320541160490,rgawq
4081235576,9748320546434880,cccuh
4081235577,9748320549487360,hqwxj
4081235578,9748320565316250,lyfzt
4081235579,9748320565681150,kojta
4081235580,9748320568262210,azpjk
4081235581,9748320575043510,wlisj
4081235582,9748320575148120,yrxro
4081235583,9748320578854550,gjzwz
4081235584,9748320586728070,sxxbr
4081235585,9748320588284720,visgt
4081235586,9748320588302920,kzier
4081235587,9748320588857240,faibr
4081235588,9748320592628230,jhoxs
4081235589,9748320597687120,necty
4081235590,9748320604791520,pwhqk
4081235591,9748320609311310,oycfs
4081235592,9748320621810010,klhhi
4081235593,9748320633783840,suddb
4081235594,9748320639644650,terxl
4081235595,9748320641429830,zndoj
4081235596,9748320642091950,vtgzv
4081235597,9748320646671900,scjht
4081235598,9748320650954320,qnkbf
4081235599,9748320664510080,tnchz
4081235600,9748320671134340,yblaw
4081235601,9748320673296610,szoau
4081235602,9748320679491910,ivams
4081235603,9748320688591440,rafkm
4081235604,9748320691811310,eapod
4081235605,9748320694453750,esobg
4081235606,9748320695304920,frquy
4081235607,9748320704718290,lixzt
4081235608,9748320708630080,yrxag
4081235609,9748320713600830,flvqg
4081235610,9748320719764690,jjqbo
4081235611,9748320727039430,qbuex
4081235612,9748320737139330,bezsb
4081235613,9748320737436990,kxftc
4081235614,9748320751634930,dggts
4081235615,9748320774042850,aydhn
4081235616,9748320779866650,ikfqg
4081235617,9748320784971470,imhwk
4081235618,9748320794363620,famtw
4081235619,9748320794849040,epjxw
4081235620,9748320796919420,faeqd
4081235621,9748320798386570,umbof
4081235622,9748320801014180,brzvn
4081235623,9748320806359250,crjwd
4081235624,9748320808296150,aiafu
4081235625,9748320818222740,ajccu
4081235626,9748320819514870,qfhob
4081235627,9748320819892720,fzdxb
4081235628,9748320828886270,dvvpt
4081235629,9748320843051430,brpfy
4081235630,9748320853894890,bshlo
4081235631,9748320854382980,ubnen
4081235632,9748320857051660,femeb
4081235633,9748320859602720,ctfem
4081235634,9748320860123800,uuvaa
4081235635,9748320863557870,uglqm
4081235636,9748320865709040,cjppp
4081235637,9748320866806350,qnewa
4081235638,9748320880000390,zgkrm
4081235639,9748320882681460,twbgt
4081235640,9748320896506590,pozuu
4081235641,9737129006076200,umwsq
4081235642,9737129006867330,amcuy
4081235643,9737129037406740,estxs
4081235644,9737129041344360,vqrwn
4081235645,9737129049767990,ytvcy
4081235646,9737129052885180,sdxwp
4081235647,9737129054235700,qwlpt
4081235648,9737129056102110,uyuaw
4081235649,9737129057057730,xbcpq
4081235650,9737129062313990,dgrfd
4081235651,9737129064704080,alfoa
4081235652,9737129072256940,oekxu
4081235653,9737129072877580,dnsfw
4081235654,9737129074520100,zzqkf
4081235655,9737129074951250,wtifk
4081235656,9737129078947720,wwxua
4081235657,9737129083161860,zfyoh
4081235658,9737129087686950,snfkb
4081235659,9737129088639960,ksdkp
4081235660,9737129090583050,nrape
4081235661,9737129092448430,kaill
4081235662,9737129092713250,yminr
4081235663,9737129109441260,vjsys
4081235664,9737129113501380,vfnul
4081235665,9737129113557710,bnirh
4081235666,9737129132092640,fkqoi
4081235667,9737129143408860,ivbgp
4081235668,9737129146434800,rgqpi
4081235669,9737129169358960,sfzoj
4081235670,9737129172221220,wbzys
4081235671,9737129176170260,ohpfc
4081235672,9737129178311870,bgvac
4081235673,9737129181401360,tntgl
4081235674,9737129184590710,qehel
4081235675,9737129185655260,ptnbc
4081235676,9737129190566970,isxsz
4081235677,9737129193824210,qtqwh
4081235678,9737129210750720,hoqfu
4081235679,9737129212090330,gaupc
4081235680,9737129218452430,lksji
4081235681,9737129223211340,ipkyh
4081235682,9737129224235100,evgyj
4081235683,9737129225401200,mtady
4081235684,9737129233060280,xyvwe
4081235685,9737129242132700,ytsad
4081235686,9737129245313830,tsudy
4081235687,9737129245734060,rdsun
4081235688,9737129254206650,lhchq
4081235689,9737129254888820,kecdw
4081235690,9737129262924480,lxtbs
4081235691,9737129274575250,lwvuo
4081235692,9737129276899360,htdhk
4081235693,9737129291752420,dimsj
4081235694,9737129294343290,hwnsd
4081235695,9737129299550850,fmojz
4081235696,9737129305545220,hpbkr
4081235697,9737129307048460,oehhe
4081235698,9737129308873080,rnmfw
4081235699,9737129322387110,jzsvx
4081235700,9737129322912140,atgca
4081235701,9737129334508710,jmxpy
4081235702,9737129335907710,ykqwi
4081235703,9737129341700300,ohotn
4081235704,9737129341889600,prevd
4081235705,9737129377413750,hnkgw
4081235706,9737129379265200,jsyqj
4081235707,9737129379706110,mzuls
4081235708,9737129381219070,uohtc
4081235709,9737129384233260,wtxpm
4081235710,9737129394909770,ooooe
4081235711,9737129394954210,debun
4081235712,9737129395939000,xyowk
4081235713,9737129410262350,ixoza
4081235714,9737129426918050,wqkcz
4081235715,9737129435334560,bjbaw
4081235716,9737129436005980,xtteh
4081235717,9737129444046840,webhq
4081235718,9737129445146100,xtzaf
4081235719,9737129455330820,knjgd
4081235720,9737129456834000,yfhbj
4081235721,9737129457729250,jmamo
4081235722,9737129458047360,gogee
4081235723,9737129460174560,saark
4081235724,9737129468648010,yxfyq
4081235725,9737129469241670,ajgus
4081235726,9737129473223140,bgfnr
4081235727,9737129476849020,aqskc
4081235728,9737129477734560,lwkwg
4081235729,9737129478530470,hlpow
4081235730,9737129479274540,eyddd
4081235731,9737129486641940,emjly
4081235732,9737129491249760,laktl
4081235733,9737129497485200,gyvsx
4081235734,9737129499175740,acquw
4081235735,9737129501175320,wxgeo
4081235736,9737129501384890,ldgod
4081235737,9737129503581620,yvqor
4081235738,9737129508965670,bhkoy
4081235739,9737129511537260,vpvyk
4081235740,9737129512644570,cdpxj
4081235741,9737129523449020,crgcv
4081235742,9737129523456750,cdbme
4081235743,9737129540509080,odvaf
4081235744,9737129540675990,kvwme
4081235745,9737129543657550,fmutk
4081235746,9737129544790000,hxnnd
4081235747,9737129550665260,pkhai
4081235748,9737129551403910,tbetp
4081235749,9737129559848660,symez
4081235750,9737129564054630,mbmrr
4081235751,9737129571251770,fdekj
4081235752,9737129580149650,mnpmo
4081235753,9737129581432810,glfxj
4081235754,9737129587198630,ayuzj
4081235755,9737129587698440,czbdv
4081235756,9737129596386740,opdto
4081235757,9737129597181100,hydmw
4081235758,9737129597649100,nogyb
4081235759,9737129599744350,xhgnp
4081235760,9746350005355170,pvqcq
4081235761,9746350023350750,mkxrf
4081235762,9746350024260980,rgqci
4081235763,9746350024910510,ctnwj
4081235764,9746350031917890,kjyok
4081235765,9746350040471860,fgine
4081235766,9746350047173490,wxzwz
4081235767,9746350054704550,nuety
4081235768,9746350055623680,argyd
4081235769,9746350065051950,wvoax
4081235770,9746350073724800,odtbg
4081235771,9746350081491490,tglvu
4081235772,9746350087958810,qxxdk
4081235773,9746350111124110,ghenf
4081235774,9746350111589730,qahtr
4081235775,9746350122261230,zqpig
4081235776,9746350123042120,dwafm
4081235777,9746350124660310,ukevw
4081235778,9746350139688220,owvco
4081235779,9746350144355700,yrtzx
4081235780,9746350146161450,fnqjm
4081235781,9746350156074720,frwpu
4081235782,9746350163967930,uflqb
4081235783,9746350174421530,znvgg
4081235784,9746350174783920,lgkwg
4081235785,9746350182732390,ayoua
4081235786,9746350187361810,nbcvt
4081235787,9746350188527250,igfnc
4081235788,9746350189269560,gpixl
4081235789,9746350190950100,lpvxe
4081235790,9746350196899190,orsva
4081235791,9746350199268520,ktnot
4081235792,9746350201284940,fxzmy
4081235793,9746350213207780,ioeta
4081235794,9746350216672060,hjczf
4081235795,9746350225178280,immyz
4081235796,9746350226381100,ilgfa
4081235797,9746350228909370,objro
4081235798,9746350235238300,efpig
4081235799,9746350237083780,savlw
4081235800,9746350251246010,wjxmy
4081235801,9746350256161890,tsedy
4081235802,9746350267469190,qmkdj
4081235803,9746350276726220,kbftb
4081235804,9746350279975780,aanfk
4081235805,9746350282597770,horra
4081235806,9746350291872940,mnwme
4081235807,9746350301793040,mmvzk
4081235808,9746350301803260,luyek
4081235809,9746350305735790,kntst
4081235810,9746350310286460,nyfbs
4081235811,9746350311222830,lulqd
4081235812,9746350311735550,akucq
4081235813,9746350314987340,dyvli
4081235814,9746350319960160,fkhma
4081235815,9746350323618240,grels
4081235816,9746350329336910,rcxxf
4081235817,9746350342996190,gxbol
4081235818,9746350346297060,qijmy
4081235819,9746350346862460,tbrkn
4081235820,9746350349617540,blkra
4081235821,9746350353472380,avfge
4081235822,9746350358893490,xinae
4081235823,9746350365867140,dexav
4081235824,9746350374944370,cjwbv
4081235825,9746350375138890,ptkqb
4081235826,9746350380487290,bkuaq
4081235827,9746350381744910,heahz
4081235828,9746350386882310,jkunp
4081235829,9746350389674170,lgmnw
4081235830,9746350416641180,khdzk
4081235831,9746350426718820,wlnra
4081235832,9746350429084850,ilxmn
4081235833,9746350432871070,ipirf
4081235834,9746350433423920,vyefw
4081235835,9746350439384080,zgdni
4081235836,9746350443601140,xnqgx
4081235837,9746350445279230,pdhxu
4081235838,9746350451096510,fcehm
4081235839,9746350469295460,mfhfw
4081235840,9746350474598340,eqsss
4081235841,9746350483537850,sgjax
4081235842,9746350499553480,scrwx
4081235843,9746350528967980,ifvqp
4081235844,9746350533045380,pcjbq
4081235845,9746350537700910,bkbsg
4081235846,9746350546920740,rymew
4081235847,9746350547961910,aufho
4081235848,9746350549838130,osevg
4081235849,9746350559461860,fcewx
4081235850,9746350562417340,xuahg
4081235851,9746350570829660,ebsxm
4081235852,9746350582501880,lsvku
4081235853,9746350594825000,wjokh
4081235854,9746350600454330,vglsb
4081235855,9746350601211700,ktycy
4081235856,9746350606190860,etstl
4081235857,9746350610982630,pckhj
4081235858,9746350612720740,cshvj
4081235859,9746350625608120,shrhz
4081235860,9746350631957180,ikzol
4081235861,9746350634474690,jjsij
4081235862,9746350642947900,dkhyq
4081235863,9746350643109730,qsjai
4081235864,9746350653900940,ioovj
4081235865,9746350658534770,imzks
4081235866,9746350661404660,rwted
4081235867,9746350666722980,ntqyy
4081235868,9746350670088090,bgcrq
4081235869,9746350702336390,zqxwd
4081235870,9746350708677290,bjusc
4081235871,9746350709818260,vpvyj
4081235872,9746350710867580,ksvpr
4081235873,9746350713478620,jnvme
4081235874,9746350718323300,ezdxf
4081235875,9746350721084690,ssoar
4081235876,9746350721258250,rzdwg
4081235877,9746350724254940,alvgu
4081235878,9746350728019420,unocv
4081235879,9746350728060860,lyljt
4081235880,9746350732121720,afcoc
4081235881,9746350747115630,bcsag
4081235882,9746350747138370,krasw
4081235883,9746350748730020,ooxln
4081235884,9746350749434850,prxjw
4081235885,9746350758370420,nondk
4081235886,9746350759933030,zofem
4081235887,9746350763439080,utqhb
4081235888,9746350768419520,viafv
4081235889,9746350778256960,opphr
4081235890,9746350779593190,sdaop
4081235891,9746350779804890,xvfbi
4081235892,9735390000905860,tnxxq
4081235893,9735390007622240,fsqmh
4081235894,9735390011026280,ubfxz
4081235895,9735390016762590,mxetz
4081235896,9735390021545860,efwvl
4081235897,9735390024690400,vvpcr
4081235898,9735390025856850,hgfjl
4081235899,9735390033730650,nhyvm
4081235900,9735390037211400,vvpla
4081235901,9735390057097520,bvjga
4081235902,9735390058417890,wxhbb
4081235903,9735390058932210,nfnon
4081235904,9735390059819410,qjjdp
4081235905,9735390061317830,namth
4081235906,9735390069906790,fplrw
4081235907,9735390078222800,vfhub
4081235908,9735390085204150,zctmj
4081235909,9735390088292480,akigg
4081235910,9735390089170590,wojgc
4081235911,9735390095189270,ghzkv
4081235912,9735390095428920,rvfcb
4081235913,9735390095482350,qilwu
4081235914,9735390103219860,yezms
4081235915,9735390107424250,dukre
4081235916,9735390109706090,qyhea
4081235917,9735390113992600,asmju
4081235918,9735390114066900,btxya
4081235919,9735390122544630,aiqmq
4081235920,9735390124775530,auaes
4081235921,9735390129584370,fhpov
4081235922,9735390135428450,wqexi
4081235923,9735390138510460,opitk
4081235924,9735390146030380,igdto
4081235925,9735390146343510,fjofd
4081235926,9735390148182090,rnojy
4081235927,9735390161215080,xuqiy
4081235928,9735390163678450,fevww
4081235929,9735390164368350,ucmhp
4081235930,9735390166952500,pwknq
4081235931,9735390182802800,vbdri
4081235932,9735390187331990,lgdhh
4081235933,9735390188185070,vhotl
4081235934,9735390205679480,ekbyq
4081235935,9735390206801180,kvxsh
4081235936,9735390212170560,flrgy
4081235937,9735390213888960,ckipv
4081235938,9735390217206710,hbmtd
4081235939,9735390234974470,egles
4081235940,9735390237226560,bxfqt
4081235941,9735390244884930,ueyoz
4081235942,9735390245077110,efgel
4081235943,9735390248460210,rlimd
4081235944,9735390263314090,pejfw
4081235945,9735390263509030,hrupu
4081235946,9735390268099870,xfovq
4081235947,9735390270047960,fmpgh
4081235948,9735390271817400,wsmsn
4081235949,9735390276984350,zehup
4081235950,9735390278761080,qmohl
4081235951,9735390279691220,xihbf
4081235952,9735390295835550,jjqkt
4081235953,9735390297722070,avyfb
4081235954,9735390300124940,iaemb
4081235955,9735390300303150,vypbk
4081235956,9735390300444370,aanlk
4081235957,9735390309394400,zncej
4081235958,9735390309479610,hviyi
4081235959,9735390322797430,mcxmk
4081235960,9735390340077360,ldgbv
4081235961,9735390341500380,mozds
4081235962,9735390344944430,erukl
4081235963,9735390349783550,vrccu
4081235964,9735390352209780,yrxsl
4081235965,9735390352534250,ifkzf
4081235966,9735390353594190,gvzrh
4081235967,9735390365467390,trlhw
4081235968,9735390366792690,bktlr
4081235969,9735390370583270,oxcxw
4081235970,9735390371675080,jjjym
4081235971,9735390381489860,kwivj
4081235972,9735390390802630,tzjho
4081235973,9735390393790670,twumz
4081235974,9735390394665990,lfmps
4081235975,9735390394768780,eadal
4081235976,9735390396256780,qvkyk
4081235977,9735390415111950,zgtvn
4081235978,9735390420539960,cpbrw
4081235979,9735390424046480,kxcjj
4081235980,9735390435206210,iujod
4081235981,9735390435983810,buhgi
4081235982,9735390440800330,btabc
4081235983,9735390441036730,qlcyy
4081235984,9735390445419050,sdbbq
4081235985,9735390449978550,jypqo
4081235986,9735390450707670,jqihn
4081235987,9735390451339950,arjwn
4081235988,9735390461630740,baisi
4081235989,9735390489019930,ocjpw
4081235990,9735390501137890,dnpge
4081235991,9735390511484450,cqglf
4081235992,9735390513932100,xtajz
4081235993,9735390520906070,xxynr
4081235994,9735390522872420,lzxxt
4081235995,9735390531877190,shxpl
4081235996,9735390535219550,dsloj
4081235997,9735390540560150,eeomp
4081235998,9735390542035850,aglmq
4081235999,9735390546000240,cugrm
4081236000,9735390550006830,pzjyb
4081236001,9735390550519970,wyuou
4081236002,9735390552423140,lwwed
4081236003,9735390563711890,tcnyc
4081236004,9735390566684880,tjzuf
4081236005,9735390566749350,vjjwt
4081236006,9735390568261440,jcren
4081236007,9735390569878480,zvhzh
4081236008,9735390575357920,psywj
4081236009,9735390592717570,aphdn
4081236010,9735390594164980,aobjy
4081236011,9735390600148550,qjxbe
4081236012,9735390614271620,umdyl
4081236013,9735390614755320,ukiwb
4081236014,9735390617228640,ljckq
4081236015,9735390620442380,oxqwe
4081236016,9735390635099260,pcopn
4081236017,9735390644589420,evbzv
4081236018,9735390649423360,jqewb
4081236019,9735390657464160,oomdu
4081236020,9735390659281130,mvujc
4081236021,9735390663168420,vzomt
4081236022,9735390664591200,iwfwf
4081236023,9735390666450300,tcnnl
4081236024,9735390668723630,ubzvc
4081236025,9735390676873030,cmswa
4081236026,9735390676973860,kpeiu
4081236027,9735390680212260,lmdav
4081236028,9735390682022380,mdmfq
4081236029,9735390682174130,uvjbd
4081236030,9735390694730100,xzsym
4081236031,9735390705367930,hnbgh
4081236032,9735390733514490,smyyg
4081236033,9735390754110680,eygvr
4081236034,9735390762041880,vcils
4081236035,9735390765171740,beooa
4081236036,9735390780300260,tuxgm
4081236037,9735390793271100,dfgxe
4081236038,9735390806400160,czpcg
4081236039,9735390807528000,hhwom
4081236040,9735390807612040,gdquw
4081236041,9735390809214540,fwucj
4081236042,9735390810409120,npuyn
4081236043,9735390818163520,tihkb
4081236044,9735390819789110,wqgrp
4081236045,9735390825666950,ipote
4081236046,9735390829385740,xbtob
4081236047,9735390834952120,sojzk
4081236048,9735390847618620,mzzly
4081236049,9735390854184910,seahh
4081236050,9735390855873320,ektiw
4081236051,9735390856459860,cbybi
4081236052,9735390860129700,mggyb
4081236053,9735390860774390,higdm
4081236054,9735390867355460,wezqa
4081236055,9735390869382260,ioqve
4081236056,9735390874670160,girlj
4081236057,9735390881344840,tlbub
4081236058,9735390894840250,haitl
4081236059,9743636001403650,aznfg
4081236060,9743636003196250,bqauz
4081236061,9743636003879630,elzmp
4081236062,9743636016933880,krfih
4081236063,9743636023838950,oxbco
4081236064,9743636030921810,krodc
4081236065,9743636043331540,gyrxn
4081236066,9743636052441950,vlwro
4081236067,9743636057166080,iaeek
4081236068,9743636061727740,cnglk
4081236069,9743636066566650,ahemd
4081236070,9743636073281790,sfxqz
4081236071,9743636077736350,ssxsa
4081236072,9743636085714770,hftgw
4081236073,9743636088942240,vxhpr
4081236074,9743636091381090,fwbrv
4081236075,9743636098207350,yvhol
4081236076,9743636099994460,xcxbq
4081236077,9743636110932170,upbdl
4081236078,9743636114498000,sxzji
4081236079,9743636115008590,fkkxu
4081236080,9743636118941290,nnkio
4081236081,9743636128262000,dnnpr
4081236082,9743636132320520,vswva
4081236083,9743636134567680,blmoo
4081236084,9743636138753660,bzmdf
4081236085,9743636139920060,bizdb
4081236086,9743636170807230,zmwrq
4081236087,9743636176516570,tfudi
4081236088,9743636186672000,tqgzm
4081236089,9743636193313340,rgvdq
4081236090,9743636194795120,egjza
4081236091,9743636202833790,mtanr
4081236092,9743636214313030,wblrf
4081236093,9743636214364220,pgaij
4081236094,9743636227152100,pnqao
4081236095,9743636230680260,xibku
4081236096,9743636231392630,iydkk
4081236097,9743636232579200,vuttg
4081236098,9743636236679760,mynpb
4081236099,9743636241350440,tfrqc
4081236100,9743636242374430,epsrr
4081236101,9743636256015450,jucaw
4081236102,9743636260411680,ldiba
4081236103,9743636270953410,tckef
4081236104,9743636273061590,idcxq
4081236105,9743636274664090,lzpih
4081236106,9743636275449250,yxnxx
4081236107,9743636281887110,kqoss
4081236108,9743636287445720,chkxm
4081236109,9743636290351380,ibjqy
4081236110,9743636292088400,ghwxy
4081236111,9743636294285890,gqwfs
4081236112,9743636308916820,ufooy
4081236113,9743636309671750,mhgzg
4081236114,9743636333195190,mhiyp
4081236115,9743636350072160,ajvoy
4081236116,9743636352660480,olshk
4081236117,9743636370716990,duajn
4081236118,9743636375461300,zwvpl
4081236119,9743636376209140,qknwj
4081236120,9743636377229600,mziys
4081236121,9743636379954830,sucrq
4081236122,9743636381627710,phnfm
4081236123,9743636382088150,zwgts
4081236124,9743636384579660,ianaf
4081236125,9743636389095360,yolsi
4081236126,9743636389430870,uqqqg
4081236127,9743636400441020,vlmnk
4081236128,9743636408116390,wfjnf
4081236129,9743636420509230,ilpbr
4081236130,9743636424072600,jasww
4081236131,9743636424900390,taedz
4081236132,9743636429281780,igbid
4081236133,9743636429453760,zfxqz
4081236134,9743636442804290,kppfa
4081236135,9743636473657590,bxlfo
4081236136,9743636474137050,okbzl
4081236137,9743636474759160,fxdag
4081236138,9743636475050830,melbt
4081236139,9743636480713050,zcujc
4081236140,9743636490134910,skhgm
4081236141,9743636490325260,xrwkz
4081236142,9743636492074150,hmpst
4081236143,9743636492502250,fbzsj
4081236144,9743636493327900,lcqwc
4081236145,9743636497951810,gfjrx
4081236146,9743636499249110,iisgp
4081236147,9743636503460830,llwdo
4081236148,9743636516225760,pdynj
4081236149,9743636516337590,fesap
4081236150,9743636529901400,lojzu
4081236151,9743636535340520,hmyum
4081236152,9743636547320330,mslmt
4081236153,9743636547764630,eifvl
4081236154,9743636550454020,pbvzk
4081236155,9743636561049590,qctin
4081236156,9743636562631610,ropuz
4081236157,9743636565647380,elmvf
4081236158,9743636572870160,tbtkx
4081236159,9743636613776340,xyhyj
4081236160,9743636613948970,hlykb
4081236161,9743636619404760,dklwh
4081236162,9743636623351700,puqop
4081236163,9743636626669980,sbcos
4081236164,9743636634191170,qwkjt
4081236165,9743636637606720,dfbxg
4081236166,9743636639872790,whdpf
4081236167,9743636644309050,dwekp
4081236168,9743636648832830,bjwcq
4081236169,9743636649795080,zsfjh
4081236170,9743636656982750,cxyrq
4081236171,9743636658398050,gybjk
4081236172,9743636663129480,houbh
4081236173,9743636676939150,gozuf
4081236174,9733480004743820,zoaiq
4081236175,9733480011098880,tglws
4081236176,9733480017734140,dafnv
4081236177,9733480021622450,vputg
4081236178,9733480026927680,zdeip
4081236179,9733480031538210,ukpvv
4081236180,9733480036304280,upfzq
4081236181,9733480050074300,dsedl
4081236182,9733480052521290,gbbti
4081236183,9733480052822220,bzuww
4081236184,9733480059100250,brbvt
4081236185,9733480060865270,jchlz
4081236186,9733480064048270,qwncp
4081236187,9733480067081500,sxouw
4081236188,9733480078150580,gouvb
4081236189,9733480083024610,tljnu
4081236190,9733480083751480,lcetm
4081236191,9733480088389040,luplw
4081236192,9733480091470500,ckzfi
4081236193,9733480097392330,hlibk
4081236194,9733480097603220,taxwy
4081236195,9733480098484410,kdocj
4081236196,9733480101472060,cdkak
4081236197,9733480103807690,gkhvf
4081236198,9733480108686540,pzwnf
4081236199,9733480112255300,uqhfs
4081236200,9733480112471680,iwxzd
4081236201,9733480122025520,tgdbc
4081236202,9733480131399360,hzgcv
4081236203,9733480132686190,shyez
4081236204,9733480135818960,snmkx
4081236205,9733480144299540,nrvrk
4081236206,9733480153054780,epjpm
4081236207,9733480157000910,nczio
4081236208,9733480159607830,geonh
4081236209,9733480159624650,utqgv
4081236210,9733480168709960,wlwxc
4081236211,9733480170277490,tonen
4081236212,9733480171914720,ivecj
4081236213,9733480172975540,gerai
4081236214,9733480180431030,rirve
4081236215,9733480183616060,ahbfv
4081236216,9733480184152830,dmork
4081236217,9733480188601190,lvxfb
4081236218,9733480189643840,ytfpq
4081236219,9733480214145720,wbblm
4081236220,9733480222059530,gcpwk
4081236221,9733480223934200,yezzo
4081236222,9733480229876250,kmblz
4081236223,9733480232576100,tgffp
4081236224,9733480240546340,fvbxu
4081236225,9733480246427790,rezlx
4081236226,9733480250320220,wkhpp
4081236227,9733480256879160,pfiuv
4081236228,9733480277778000,rnreo
4081236229,9733480277974120,owkwh
4081236230,9733480283320380,osjmb
4081236231,9733480284960800,cvmlm
4081236232,9733480295264380,xsvcw
4081236233,9733480304145650,dmtiy
4081236234,9733480305282340,uqafv
4081236235,9733480305730240,tjofl
4081236236,9733480306373990,jtlra
4081236237,9733480309706160,gfpyh
4081236238,9733480317907340,vvaem
4081236239,9733480318412790,yfezh
4081236240,9733480330067760,awtrw
4081236241,9733480330969360,tlpfp
4081236242,9733480335188220,qttxu
4081236243,9733480335889400,dboly
4081236244,9733480336109210,lclni
4081236245,9733480348103130,iviks
4081236246,9733480349152540,byypa
4081236247,9733480352711690,dgqfu
4081236248,9733480354075510,dpdvx
4081236249,9733480360507410,orcyu
4081236250,9733480367376760,gaihu
4081236251,9733480367383540,lchdl
4081236252,9733480370688490,hzauw
4081236253,9733480374613260,qqlzp
4081236254,9733480380214580,ffwkl
4081236255,9733480382305700,iajyn
4081236256,9733480391365790,eysvz
4081236257,9733480397754680,iekyg
4081236258,9733480397950130,awmtg
4081236259,9733480398525250,uxihc
4081236260,9733480406126400,hqwct
4081236261,9733480410006130,fynxo
4081236262,9733480421709430,dusac
4081236263,9733480424313610,eckrx
4081236264,9733480436923690,rryrv
4081236265,9733480445156880,oaakt
4081236266,9733480450048880,rsqww
4081236267,9733480453962280,zrxfz
4081236268,9733480457724700,ogxpf
4081236269,9733480460746840,yfvhy
4081236270,9733480462567880,xltiz
4081236271,9733480481158590,epbdp
4081236272,9733480491335200,gcjtc
4081236273,9733480491641140,dzhzr
4081236274,9733480493189580,jxjxx
4081236275,9733480493891180,ndkoi
4081236276,9733480494433070,timnc
4081236277,9733480495576640,ijobz
4081236278,9733480501565370,qlhwb
4081236279,9733480505168200,zifyf
4081236280,9733480512978860,gzmvh
4081236281,9733480521028730,zrvrg
4081236282,9733480529461950,zuzbw
4081236283,9733480531048950,gwsxr
4081236284,9733480533709060,asesx
4081236285,9733480533753160,blnku
4081236286,9733480537113240,zoljq
4081236287,9733480543113540,orsds
4081236288,9733480543977760,udslo
4081236289,9733480546089210,tykae
4081236290,9733480553633690,geikl
4081236291,9733480585725110,tvdwf
4081236292,9733480587498010,elvit
4081236293,9733480588913290,ezhvf
4081236294,9733480591726460,hadct
4081236295,9733480592700210,fisen
4081236296,9724425001173820,iagou
4081236297,9724425002811510,cfolf
4081236298,9724425002940570,rqikk
4081236299,9724425005854610,kqoco
4081236300,9724425006589920,dijtl
4081236301,9724425008108230,cddks
4081236302,9724425008976080,mtbbx
4081236303,9724425010513670,ypcwb
4081236304,9724425011629490,tscog
4081236305,9724425011679580,jmqqe
4081236306,9724425013352770,cpfbq
4081236307,9724425014674140,oedcc
4081236308,9724425014883330,rugvr
4081236309,9724425015842730,qmkxv
4081236310,9724425018547380,hqrru
4081236311,9724425020353680,ftpxr
4081236312,9724425021252290,qbouo
4081236313,9724425023316160,fqwfm
4081236314,9724425024672450,ebqov
4081236315,9724425025205770,zboct
4081236316,9724425026984530,nreqi
4081236317,9724425028253240,mbuhp
4081236318,9724425030731460,hwsrm
4081236319,9724425032286800,txpip
4081236320,9724425033181820,vqguc
4081236321,9724425039001980,bultw
4081236322,9724425039661680,gvwhj
4081236323,9724425039902380,ohvaw
4081236324,9724425041029660,ilfqz
4081236325,9724425041493910,aarnl
4081236326,9724425041500520,ipbap
4081236327,9724425041712960,kqaeu
4081236328,9724425042436680,nsoae
4081236329,9724425043554330,cxzzq
4081236330,9724425043677130,rmqyp
4081236331,9724425044689840,rhrss
4081236332,9724425045363860,muzkm
4081236333,9724425050416330,ssvjc
4081236334,9724425050808080,eimeb
4081236335,9724425052957220,ivend
4081236336,9724425053143640,ytsol
4081236337,9724425053734940,uetru
4081236338,9724425056431750,fwcgq
4081236339,9724425056790540,umhco
4081236340,9724425057750380,cptpk
4081236341,9724425059142550,zlyyz
4081236342,9724425059557030,aexrd
4081236343,9724425060188230,kffvy
4081236344,9724425060648430,ktalv
4081236345,9724425061715570,kwkqe
4081236346,9724425061997480,vmqfb
4081236347,9724425063155320,wgmig
4081236348,9724425064997540,vndyf
4081236349,9724425070073800,fnevs
4081236350,9724425070344400,ikbze
4081236351,9724425070487600,fmrqg
4081236352,9724425071492780,otvse
4081236353,9724425074134220,pfhrk
4081236354,9724425075388500,edxgw
4081236355,9724425076033590,etfvo
4081236356,9724425079114370,botmr
4081236357,9724425082489060,ieuex
4081236358,9724425084681650,rfnxe
4081236359,9724425084741880,pkers
4081236360,9724425084896630,trfbc
4081236361,9724425085091470,dyzbp
4081236362,9724425090624490,jitwe
4081236363,9724425091724180,ipblc
4081236364,9724425091989640,lltsh
4081236365,9724425093707510,rhvor
4081236366,9724425094399190,hddtg
4081236367,9724425095857300,rfxsk
4081236368,9724425096233590,aaobh
4081236369,9724425096291000,snqdo
4081236370,9724425096698870,wcths
4081236371,9724425098693790,oqrbm
4081236372,9724425099351840,lhtjx
4081236373,9724425099389840,btlbk
4081236374,9724425101060060,ufrop
4081236375,9724425102220270,ueukp
4081236376,9724425102693130,bhtys
4081236377,9724425104927640,hynmk
4081236378,9724425106182790,isvhn
4081236379,9724425107799260,tctmj
4081236380,9724425107818710,cambx
4081236381,9724425108621020,ulmif
4081236382,9724425110100670,zbayf
4081236383,9724425113888130,byicn
4081236384,9724425115214450,lynuy
4081236385,9724425116171180,qoumn
4081236386,9724425116363280,eqxkk
4081236387,9724425118146120,ewivy
4081236388,9724425119475540,cwocu
4081236389,9724425123031830,xixxx
4081236390,9724425123943430,zajbk
4081236391,9724425125312410,xliol
4081236392,9724425125556390,qcioo
4081236393,9724425127958790,uftff
4081236394,9724425128282810,sqfwr
4081236395,9724425129316650,kfzuz
4081236396,9724425131116500,xpddo
4081236397,9724425133077320,ilfmo
4081236398,9724425133369310,mshgl
4081236399,9724425134026350,zpzwj
4081236400,9724425134079050,uwdyd
4081236401,9724425134523110,jyqum
4081236402,9724425134964330,pbimw
4081236403,9724425135217210,hzhvq
4081236404,9724425136078810,icxzq
4081236405,9724425136827010,oxqkt
4081236406,9724425136928620,hturu
4081236407,9724425137305060,ilcpr
4081236408,9724425137991070,rhuhf
4081236409,9724425139333770,qfwep
4081236410,9724425139807760,drglk
4081236411,9724425139832940,axvnb
4081236412,9724425139915910,oklig
4081236413,9724425140223660,iqvvh
4081236414,9724425140952700,aivwz
4081236415,9724425142304470,bniml
4081236416,9724425143988510,juobk
4081236417,9724425145012400,gkjbi
4081236418,9724425145103580,prevm
4081236419,9724425146442590,tuslo
4081236420,9724425148760480,ovxjn
4081236421,9742600000645700,molmo
4081236422,9742600003762920,ddwlw
4081236423,9742600005268140,mztvf
4081236424,9742600006677330,svmbp
4081236425,9742600008765480,epxdb
4081236426,9742600010181530,lmfqt
4081236427,9742600010493360,viaoh
4081236428,9742600011408490,zhhrt
4081236429,9742600013714190,umchc
4081236430,9742600018039810,zpdfl
4081236431,9742600040368450,xpbjy
4081236432,9742600042172440,zrojx
4081236433,9742600044057630,jlipc
4081236434,9742600060972860,qpnbk
4081236435,9742600071602430,vgiuq
4081236436,9742600073615920,hxqxg
4081236437,9742600074096000,uqinj
4081236438,9742600082580310,ildwz
4081236439,9742600084786990,kjsue
4081236440,9742600099803060,jizzn
4081236441,9742600109294050,qswij
4081236442,9742600122412210,psjlx
4081236443,9742600124423520,nobog
4081236444,9742600132350660,mlmcm
4081236445,9742600136279490,qgxdh
4081236446,9742600143126120,mdrwh
4081236447,9742600146539150,dbyhp
4081236448,9742600147334190,pbzcr
4081236449,9742600152142870,igfjs
4081236450,9742600164878670,dncvm
4081236451,9742600176371740,libzy
4081236452,9742600178709510,xcpyt
4081236453,9742600181929330,zkdvn
4081236454,9742600190185400,botem
4081236455,9742600197494610,fcwga
4081236456,9742600205011690,dogai
4081236457,9742600205472500,dhixd
4081236458,9742600205508970,svtdm
4081236459,9742600215274390,kvblz
4081236460,9742600216028420,vjdps
4081236461,9742600221664930,dzgky
4081236462,9742600226213060,cpdoq
4081236463,9742600239554520,cwpot
4081236464,9742600241715940,irlez
4081236465,9742600252976200,hjkit
4081236466,9742600258959390,trrcm
4081236467,9742600262574170,fothz
4081236468,9742600269307820,yyopj
4081236469,9742600270798140,yxuzy
4081236470,9742600271029000,gfyen
4081236471,9742600272065680,wfypb
4081236472,9742600278777750,edpuc
4081236473,9742600281093980,dhdwo
4081236474,9742600296814150,nasyx
4081236475,9742600300211490,gulnf
4081236476,9742600303652340,zhges
4081236477,9742600307884960,shiuv
4081236478,9742600308662440,qgthq
4081236479,9742600314870000,vnwvw
4081236480,9742600315085280,irqov
4081236481,9742600320591840,ucsao
4081236482,9742600320755260,ynsbl
4081236483,9742600322357130,erkhd
4081236484,9742600325850260,gskpz
4081236485,9742600325856810,mtaab
4081236486,9742600331807080,dxdvs
4081236487,9742600332521280,icihj
4081236488,9742600337293370,jeugj
4081236489,9742600348337180,docti
4081236490,9742600351273320,vcsqk
4081236491,9742600352287320,ujflk
4081236492,9742600366717750,wlicx
4081236493,9742600369418650,avcir
4081236494,9742600371506100,jjyli
4081236495,9742600372113800,emlsl
4081236496,9742600372254180,hnfjj
4081236497,9742600372846140,ubvbs
4081236498,9742600386907320,pcguh
4081236499,9742600387053530,xizyu
4081236500,9742600407629150,rlyhy
4081236501,9742600414594370,khbvj
4081236502,9742600422640000,eusdk
4081236503,9742600436648710,ydthx
4081236504,9742600450445130,zwavy
4081236505,9742600463363260,dhtfw
4081236506,9742600477543630,pftgc
4081236507,9742600483375040,lvnrq
4081236508,9742600483958520,lsjrw
4081236509,9742600532920570,qzhne
4081236510,9742600542580580,cgfhm
4081236511,9742600544507780,ngbdb
4081236512,9742600548148640,uzqle
4081236513,9742600551207790,nkple
4081236514,9742600557448240,ltmrs
4081236515,9742600559533040,kdhdl
4081236516,9742600559648320,qwcyg
4081236517,9742600570697720,xhwwd
4081236518,9742600570738450,tqodz
4081236519,9742600572143120,irwub
4081236520,9742600576806700,tjehs
4081236521,9742600583878840,hfabk
4081236522,9742600600191050,btmdn
4081236523,9742600624718790,rbjla
4081236524,9742600625646250,tuyty
4081236525,9742600628395650,ddtzf
4081236526,9742600632021900,ppsuw
4081236527,9742600635996190,ymygb
4081236528,9742600639387760,nufcu
4081236529,9742600645238070,tlyhm
4081236530,9742600655505530,fsxii
4081236531,9742600658281810,urqgo
4081236532,9742600660265860,swigb
4081236533,9742600661669220,msszu
4081236534,9742600663252810,arewz
4081236535,9742600667255330,niqwr
4081236536,9742600671869360,uenkr
4081236537,9742600680292700,nmydd
4081236538,9742600681676690,rrvws
4081236539,9742600687686290,nglxp
4081236540,9742600694866890,lclco
4081236541,9742600696533350,htfxx
4081236542,9742600699804860,djsbk
4081236543,9720448001614650,hmuwe
4081236544,9720448002389970,yisja
4081236545,9720448004514050,lujwx
4081236546,9720448009121180,efedh
4081236547,9720448009486360,eurbf
4081236548,9720448009965660,heujx
4081236549,9720448010984200,ncctb
4081236550,9720448011091640,beooo
4081236551,9720448011205860,dkbfp
4081236552,9720448014511200,blwkk
4081236553,9720448015807430,aktqo
4081236554,9720448017335030,rczms
4081236555,9720448017973600,tcfeg
4081236556,9720448020417300,msfhk
4081236557,9720448023790380,axwsl
4081236558,9720448023881630,livwm
4081236559,9720448025052150,tbqid
4081236560,9720448025973730,fsdhl
4081236561,9720448028978490,ywboc
4081236562,9720448029444040,kgmqy
4081236563,9720448029943220,dklcg
4081236564,9720448031695700,embmg
4081236565,9720448031771910,scnrw
4081236566,9720448031897480,jberv