3468340369,promo_479
3468340342,promo_479
3468347724,promo_479
3468347015,promo_479
3468338242,promo_479
5632200000,promo_479
5632300000,promo_479
5632400000,promo_479
5632500000,promo_479
5632600000,promo_479
5632700000,promo_479
5632100000,promo_479
3468348743,promo_479
3468349690,promo_479
3468349519,promo_479
3468349419,promo_479
3468348657,promo_479
3468338800,promo_479
3468350531,promo_479
3468348362,promo_479
3468350474,promo_479
3468339672,promo_479
3468349443,promo_479
3468337450,promo_479
3468350413,promo_479
3468348882,promo_479
3468348750,promo_479
3468339688,promo_479
3468339261,promo_479
3468341413,promo_479
5620100000,promo_479
3468338552,promo_479
3468348618,promo_479
3468340375,promo_479
3468346509,promo_479
3468348979,promo_479
3468348978,promo_479
5602400000,promo_479
3468349777,promo_479
3468337868,promo_479
3468350463,promo_479
3468350462,promo_479
3468338392,promo_479
3468349484,promo_479
3468349483,promo_479
5631700000,promo_479
3468349612,promo_479
5630800000,promo_479
5624100000,promo_479
3468348935,promo_479
3468339604,promo_479
5631400000,promo_479
3468349995,promo_479
3468337400,promo_479
3468346430,promo_479
5604600000,promo_479
3468348880,promo_479
3468348485,promo_479
3468348251,promo_479
3468338711,promo_479
3468338863,promo_479
5631600000,promo_479
5631300000,promo_479
3468350084,promo_479
3468339878,promo_479
3468348095,promo_479
3468339927,promo_479
5620400000,promo_479
5565700000,promo_479
5630900000,promo_479
5631000000,promo_479
3468348801,promo_479
3468347132,promo_479
3468339345,promo_479
5630600000,promo_479
5630700000,promo_479
3468338668,promo_479
3468338190,promo_479
3468341827,promo_479
3468340293,promo_479
3468347293,promo_479
3468337961,promo_479
3468348810,promo_479
3468340861,promo_479
3468350802,promo_479
3468339333,promo_479
5620500000,promo_479
3468337844,promo_479
3468338908,promo_479
3468350748,promo_479
3468350747,promo_479
3468350695,promo_479
3468350694,promo_479
3468349505,promo_479
3468349332,promo_479
3468349331,promo_479
3468340053,promo_479
3468350274,promo_479
3468349965,promo_479
3468349964,promo_479
3468345371,promo_479
5630000000,promo_479
5630100000,promo_479
5587600000,promo_479
3468349898,promo_479
3468339991,promo_479
3468337956,promo_479
3468350025,promo_479
3468348650,promo_479
3468348649,promo_479
3468350820,promo_479
3468350791,promo_479
3468350387,promo_479
3468349787,promo_479
3468348938,promo_479
3468337759,promo_479
3468342106,promo_479
3468338604,promo_479
3468350125,promo_479
3468349807,promo_479
3468349770,promo_479
3468338570,promo_479
3468348828,promo_479
3468344629,promo_479
3468349383,promo_479
3468348538,promo_479
3468348513,promo_479
3468344248,promo_479
3468338308,promo_479
3468337300,promo_479
3468337677,promo_479
3468339087,promo_479
3468340522,promo_479
5609000000,promo_479
3468349474,promo_479
3468349473,promo_479
5608400000,promo_479
3468349464,promo_479
3468349457,promo_479
3468339850,promo_479
5629300000,promo_479
3468350150,promo_479
3468350006,promo_479
3468349534,promo_479
3468337292,promo_479
5629200000,promo_479
5611700000,promo_479
3468338136,promo_479
3468350728,promo_479
3468349774,promo_479
3468337386,promo_479
3468339733,promo_479
5588500000,promo_479
3468338875,promo_479
5600200000,promo_479
3468349014,promo_479
3468349013,promo_479
5629000000,promo_479
3468350116,promo_479
5617200000,promo_479
5617100000,promo_479
3468350454,promo_479
3468349648,promo_479
3468349436,promo_479
3468348709,promo_479
3468348249,promo_479
3468346255,promo_479
3468345855,promo_479
3468338926,promo_479
3468349540,promo_479
3468338036,promo_479
3468343724,promo_479
3468344308,promo_479
3468339677,promo_479
3468337422,promo_479
3468338650,promo_479
3468346102,promo_479
3468348185,promo_479
3468339954,promo_479
5564100000,promo_479
3468337933,promo_479
3468338623,promo_479
3468338455,promo_479
3468337958,promo_479
3468337388,promo_479
3468345905,promo_479
3468338518,promo_479
3468348838,promo_479
3468349991,promo_479
5590400000,promo_479
5574900000,promo_479
3468350472,promo_479
3468350007,promo_479
3468349529,promo_479
3468348174,promo_479
5609300000,promo_479
3468349751,promo_479
3468349647,promo_479
3468348515,promo_479
3468348512,promo_479
3468344396,promo_479
3468340094,promo_479
5628600000,promo_479
3468349786,promo_479
3468349785,promo_479
3468349422,promo_479
3468348777,promo_479
3468348776,promo_479
3468338116,promo_479
5626700000,promo_479
5621600000,promo_479
5621500000,promo_479
5586600000,promo_479
5578300000,promo_479
5564300000,promo_479
3468350245,promo_479
3468350041,promo_479
3468349905,promo_479
3468349771,promo_479
3468348910,promo_479
3468348767,promo_479
3468348425,promo_479
3468347913,promo_479
3468345603,promo_479
3468340602,promo_479
3468338590,promo_479
3468337714,promo_479
5624900000,promo_479
5614200000,promo_479
5595300000,promo_479
3468350709,promo_479
3468350484,promo_479
3468350483,promo_479
3468350434,promo_479
3468348693,promo_479
3468348594,promo_479
3468348593,promo_479
3468340551,promo_479
3468338336,promo_479
3468338309,promo_479
5628300000,promo_479
3468350378,promo_479
3468338254,promo_479
3468344473,promo_479
3468345912,promo_479
5622500000,promo_479
3468350831,promo_479
3468350013,promo_479
3468348757,promo_479
3468345428,promo_479
3468344231,promo_479
3468338773,promo_479
5626900000,promo_479
5627100000,promo_479
5615100000,promo_479
5599200000,promo_479
5597300000,promo_479
5588700000,promo_479
3468350553,promo_479
3468350510,promo_479
3468350509,promo_479
3468350014,promo_479
3468349932,promo_479
3468349472,promo_479
3468349471,promo_479
3468349386,promo_479
3468349385,promo_479
3468348839,promo_479
3468348779,promo_479
3468348778,promo_479
3468348773,promo_479
3468348606,promo_479
3468348605,promo_479
3468348523,promo_479
3468346426,promo_479
3468344385,promo_479
3468338426,promo_479
3468339937,promo_479
3468339280,promo_479
3468338584,promo_479
3468338517,promo_479
3468337872,promo_479
3468339916,promo_479
3468345880,promo_479
3468338700,promo_479
5586300000,promo_479
3468350581,promo_479
3468350148,promo_479
3468350050,promo_479
3468349470,promo_479
3468349469,promo_479
3468348883,promo_479
3468339088,promo_479
3468340257,promo_479
3468337638,promo_479
3468339543,promo_479
3468340445,promo_479
3468338884,promo_479
3468340091,promo_479
3468338307,promo_479
3468338114,promo_479
3468337869,promo_479
3468337276,promo_479
3468337562,promo_479
5625100000,promo_479
5625200000,promo_479
5617600000,promo_479
5616900000,promo_479
5609200000,promo_479
3468349752,promo_479
3468349056,promo_479
3468349055,promo_479
3468337928,promo_479
5567700000,promo_479
3468350412,promo_479
3468349950,promo_479
3468349136,promo_479
3468348694,promo_479
3468338349,promo_479
3468338610,promo_479
3468339235,promo_479
3468338676,promo_479
3468337925,promo_479
3468349133,promo_479
3468348273,promo_479
3468350830,promo_479
3468350075,promo_479
3468349963,promo_479
3468349962,promo_479
3468338397,promo_479
5588600000,promo_479
3468350937,promo_479
3468350562,promo_479
3468350093,promo_479
3468349982,promo_479
3468349981,promo_479
3468349896,promo_479
3468348796,promo_479
3468340021,promo_479
3468339238,promo_479
3468337776,promo_479
3468340059,promo_479
3468337780,promo_479
3468345733,promo_479
5620700000,promo_479
5624600000,promo_479
5624700000,promo_479
5624800000,promo_479
5585700000,promo_479
5582800000,promo_479
5572600000,promo_479
3468350721,promo_479
3468350720,promo_479
3468349273,promo_479
3468348895,promo_479
3468348840,promo_479
3468348739,promo_479
3468348734,promo_479
3468348716,promo_479
3468348598,promo_479
3468345529,promo_479
3468340484,promo_479
3468342624,promo_479
3468340093,promo_479
3468337801,promo_479
5624400000,promo_479
5624500000,promo_479
3468337792,promo_479
3468350042,promo_479
3468349923,promo_479
3468348711,promo_479
3468337838,promo_479
5624200000,promo_479
5624300000,promo_479
5616700000,promo_479
5622300000,promo_479
5622200000,promo_479
5621400000,promo_479
5618500000,promo_479
5618300000,promo_479
5594900000,promo_479
5591200000,promo_479
5587500000,promo_479
3468350734,promo_479
3468350715,promo_479
3468350654,promo_479
3468350636,promo_479
3468350477,promo_479
3468350476,promo_479
3468350114,promo_479
3468350027,promo_479
3468350026,promo_479
3468350009,promo_479
3468349919,promo_479
3468349755,promo_479
3468349651,promo_479
3468349645,promo_479
3468349644,promo_479
3468349358,promo_479
3468349357,promo_479
3468349320,promo_479
3468349129,promo_479
3468349037,promo_479
3468349036,promo_479
3468348996,promo_479
3468348559,promo_479
3468348536,promo_479
3468346772,promo_479
3468340038,promo_479
3468338271,promo_479
3468341177,promo_479
3468338002,promo_479
3468338003,promo_479
3468348529,promo_479
3468348528,promo_479
3468348514,promo_479
3468348440,promo_479
3468348291,promo_479
3468348136,promo_479
3468344918,promo_479
3468344509,promo_479
3468340441,promo_479
3468342117,promo_479
3468337681,promo_479
3468337600,promo_479
3468337475,promo_479
3468339228,promo_479
3468338970,promo_479
3468338508,promo_479
3468340443,promo_479
3468341155,promo_479
3468339237,promo_479
5623800000,promo_479
5623700000,promo_479
5593900000,promo_479
3468348740,promo_479
3468341205,promo_479
5603700000,promo_479
3468350683,promo_479
3468349743,promo_479
5573600000,promo_479
5573500000,promo_479
5573300000,promo_479
3468347869,promo_479
3468347416,promo_479
3468348372,promo_479
5623900000,promo_479
5562800000,promo_479
3468339247,promo_479
5623600000,promo_479
5610600000,promo_479
5619100000,promo_479
5619500000,promo_479
5622000000,promo_479
5622100000,promo_479
5622400000,promo_479
5622700000,promo_479
5622800000,promo_479
5623000000,promo_479
5623100000,promo_479
5623200000,promo_479
5623400000,promo_479
5621300000,promo_479
5621000000,promo_479
5617300000,promo_479
5615500000,promo_479
3468350819,promo_479
3468350814,promo_479
3468350807,promo_479
3468348874,promo_479
3468338085,promo_479
3468348364,promo_479
5605000000,promo_479
3468349676,promo_479
3468345872,promo_479
3468349300,promo_479
3468348369,promo_479
5603500000,promo_479
3468350584,promo_479
5562700000,promo_479
5561600000,promo_479
5591600000,promo_479
3468350666,promo_479
3468347448,promo_479
3468349249,promo_479
5619700000,promo_479
5619800000,promo_479
5619900000,promo_479
5620000000,promo_479
5620300000,promo_479
5620600000,promo_479
5621100000,promo_479
5621200000,promo_479
5621700000,promo_479
5621800000,promo_479
5621900000,promo_479
5617400000,promo_479
5618900000,promo_479
5619200000,promo_479
5619300000,promo_479
5619400000,promo_479
5619600000,promo_479
5597100000,promo_479
5596900000,promo_479
3468350823,promo_479
3468350816,promo_479
3468350806,promo_479
3468350804,promo_479
3468350785,promo_479
3468346051,promo_479
3468349309,promo_479
3468350832,promo_479
3468350818,promo_479
5618700000,promo_479
5618800000,promo_479
5618400000,promo_479
5618600000,promo_479
5617500000,promo_479
5603300000,promo_479
5594000000,promo_479
3468337378,promo_479
3468339589,promo_479
3468339879,promo_479
3468339016,promo_479
3468337901,promo_479
5594500000,promo_479
5594400000,promo_479
5593600000,promo_479
3468350794,promo_479
3468350787,promo_479
3468350595,promo_479
3468350594,promo_479
3468350145,promo_479
3468350058,promo_479
3468350055,promo_479
3468349646,promo_479
3468349481,promo_479
3468349068,promo_479
3468348878,promo_479
3468348868,promo_479
3468348851,promo_479
3468348772,promo_479
3468348769,promo_479
3468348613,promo_479
3468348554,promo_479
3468348553,promo_479
3468348414,promo_479
3468342116,promo_479
3468339739,promo_479
3468338854,promo_479
3468341825,promo_479
3468341195,promo_479
3468337416,promo_479
3468339782,promo_479
3468338636,promo_479
3468338306,promo_479
5616000000,promo_479
5616300000,promo_479
5616400000,promo_479
5616500000,promo_479
5616600000,promo_479
5616800000,promo_479
5588000000,promo_479
3468350507,promo_479
3468349511,promo_479
3468337874,promo_479
5581400000,promo_479
5561400000,promo_479
3468350608,promo_479
3468350411,promo_479
3468350065,promo_479
3468350064,promo_479
3468349987,promo_479
3468349566,promo_479
3468348853,promo_479
3468346004,promo_479
3468340058,promo_479
3468339259,promo_479
3468338886,promo_479
3468348764,promo_479
3468338566,promo_479
5615600000,promo_479
5615700000,promo_479
5615800000,promo_479
5614700000,promo_479
5583300000,promo_479
3468348867,promo_479
3468348790,promo_479
3468348597,promo_479
3468348596,promo_479
3468348532,promo_479
3468345679,promo_479
3468341756,promo_479
3468338124,promo_479
3468337863,promo_479
3468339491,promo_479
5615300000,promo_479
5615400000,promo_479
5609400000,promo_479
3468350076,promo_479
3468340600,promo_479
5615200000,promo_479
5614900000,promo_479
5615000000,promo_479
5612600000,promo_479
5612400000,promo_479
3468348719,promo_479
3468339690,promo_479
3468349929,promo_479
3468349928,promo_479
3468349810,promo_479
3468349423,promo_479
3468338325,promo_479
5614600000,promo_479
3468348685,promo_479
3468339895,promo_479
5558600000,promo_479
5558500000,promo_479
5558400000,promo_479
5614300000,promo_479
5614400000,promo_479
5614500000,promo_479
5612700000,promo_479
3468350005,promo_479
3468349360,promo_479
3468349359,promo_479
3468344283,promo_479
5613500000,promo_479
5613600000,promo_479
5613700000,promo_479
5614000000,promo_479
5614100000,promo_479
3468350019,promo_479
3468348307,promo_479
3468340001,promo_479
5612900000,promo_479
5581500000,promo_479
3468350639,promo_479
3468350638,promo_479
3468350637,promo_479
3468350589,promo_479
3468349336,promo_479
3468349335,promo_479
3468348808,promo_479
3468348688,promo_479
3468345770,promo_479
3468345432,promo_479
3468338354,promo_479
3468338490,promo_479
5612800000,promo_479
5612500000,promo_479
5612300000,promo_479
5612200000,promo_479
5612100000,promo_479
5612000000,promo_479
5611900000,promo_479
5611800000,promo_479
5611600000,promo_479
5611500000,promo_479
5611400000,promo_479
5611300000,promo_479
5611200000,promo_479
5611100000,promo_479
5611000000,promo_479
5610900000,promo_479
5610700000,promo_479
5610500000,promo_479
5610400000,promo_479
5610300000,promo_479
5610200000,promo_479
5610100000,promo_479
5610000000,promo_479
5609900000,promo_479
5609800000,promo_479
5609700000,promo_479
5609600000,promo_479
5609500000,promo_479
5609100000,promo_479
5608900000,promo_479
5608800000,promo_479
5608700000,promo_479
5608600000,promo_479
5608300000,promo_479
5608200000,promo_479
5608100000,promo_479
5607900000,promo_479
5607700000,promo_479
5607400000,promo_479
5607300000,promo_479
5607200000,promo_479
5607100000,promo_479
5607000000,promo_479
5606900000,promo_479
5606800000,promo_479
5606500000,promo_479
5606400000,promo_479
5606300000,promo_479
5606200000,promo_479
5606100000,promo_479
5606000000,promo_479
5605900000,promo_479
5605100000,promo_479
5604900000,promo_479
5603800000,promo_479
5603600000,promo_479
5603400000,promo_479
5603200000,promo_479
5603100000,promo_479
5603000000,promo_479
5602900000,promo_479
5602800000,promo_479
5602700000,promo_479
5602600000,promo_479
5602500000,promo_479
5601100000,promo_479
5600300000,promo_479
5600100000,promo_479
5600000000,promo_479
5599900000,promo_479
5599800000,promo_479
5599700000,promo_479
5599600000,promo_479
5599300000,promo_479
5599100000,promo_479
5599000000,promo_479
5598000000,promo_479
5597900000,promo_479
5597800000,promo_479
5597700000,promo_479
5597600000,promo_479
5597500000,promo_479
5597400000,promo_479
5597000000,promo_479
5596800000,promo_479
5596700000,promo_479
5596200000,promo_479
5595200000,promo_479
5595000000,promo_479
5594800000,promo_479
5594700000,promo_479
5594600000,promo_479
5594100000,promo_479
5593800000,promo_479
5593700000,promo_479
5593400000,promo_479
5593300000,promo_479
5593200000,promo_479
5593100000,promo_479
5593000000,promo_479
5592900000,promo_479
5592800000,promo_479
5592700000,promo_479
5592600000,promo_479
5592500000,promo_479
5592400000,promo_479
5592300000,promo_479
5592200000,promo_479
5592100000,promo_479
5591900000,promo_479
5591800000,promo_479
5591700000,promo_479
5591500000,promo_479
5591300000,promo_479
5590900000,promo_479
5590800000,promo_479
5590700000,promo_479
5590600000,promo_479
5590500000,promo_479
5590300000,promo_479
5589400000,promo_479
5589300000,promo_479
5589200000,promo_479
5589100000,promo_479
5589000000,promo_479
5588900000,promo_479
5588800000,promo_479
5588400000,promo_479
5588300000,promo_479
5588200000,promo_479
5588100000,promo_479
5587900000,promo_479
5587800000,promo_479
5587700000,promo_479
5587400000,promo_479
5587300000,promo_479
5587200000,promo_479
5587100000,promo_479
5587000000,promo_479
5586900000,promo_479
5586800000,promo_479
5586700000,promo_479
5586500000,promo_479
5586400000,promo_479
5586100000,promo_479
5586000000,promo_479
5585900000,promo_479
5585800000,promo_479
5585600000,promo_479
5585400000,promo_479
5585300000,promo_479
5585200000,promo_479
5585000000,promo_479
5584900000,promo_479
5584800000,promo_479
5584700000,promo_479
5584600000,promo_479
5584500000,promo_479
5584400000,promo_479
5584300000,promo_479
5584200000,promo_479
5584100000,promo_479
5584000000,promo_479
5583900000,promo_479
5583800000,promo_479
5583700000,promo_479
5583600000,promo_479
5583500000,promo_479
5583400000,promo_479
5583200000,promo_479
5583100000,promo_479
5583000000,promo_479
5582900000,promo_479
5582700000,promo_479
5582600000,promo_479
5582500000,promo_479
5582400000,promo_479
5582300000,promo_479
5582100000,promo_479
5582000000,promo_479
5581900000,promo_479
5581800000,promo_479
5581700000,promo_479
5581600000,promo_479
5581300000,promo_479
5581200000,promo_479
5581100000,promo_479
5581000000,promo_479
5580400000,promo_479
5580300000,promo_479
5580200000,promo_479
5580100000,promo_479
5580000000,promo_479
5579900000,promo_479
5579800000,promo_479
5579700000,promo_479
5579100000,promo_479
5579000000,promo_479
5578900000,promo_479
5578800000,promo_479
5578700000,promo_479
5578600000,promo_479
5578400000,promo_479
5578100000,promo_479
5576300000,promo_479
5576200000,promo_479
5576100000,promo_479
5576000000,promo_479
5575900000,promo_479
5575800000,promo_479
5575600000,promo_479
5575500000,promo_479
5575400000,promo_479
5575300000,promo_479
5575200000,promo_479
5574600000,promo_479
5574500000,promo_479
5574400000,promo_479
5574200000,promo_479
5574000000,promo_479
5573900000,promo_479
5573800000,promo_479
5573700000,promo_479
5573400000,promo_479
5573000000,promo_479
5572900000,promo_479
5572800000,promo_479
5572700000,promo_479
5571500000,promo_479
5571400000,promo_479
5571300000,promo_479
5571000000,promo_479
5570800000,promo_479
5570200000,promo_479
5570100000,promo_479
5570000000,promo_479
5569800000,promo_479
5569100000,promo_479
5568800000,promo_479
5568100000,promo_479
5567900000,promo_479
5567400000,promo_479
5567200000,promo_479
5567000000,promo_479
5566900000,promo_479
5566400000,promo_479
5566000000,promo_479
5565800000,promo_479
5565100000,promo_479
5564500000,promo_479
5564200000,promo_479
5563700000,promo_479
5563400000,promo_479
5563000000,promo_479
5562900000,promo_479
5562600000,promo_479
5561900000,promo_479
5561800000,promo_479
5561700000,promo_479
5560500000,promo_479
5560300000,promo_479
5560100000,promo_479
5559500000,promo_479
5559000000,promo_479
5556600000,promo_479
5556300000,promo_479
5556100000,promo_479
5555900000,promo_479
5555400000,promo_479
3468350979,promo_479
3468350949,promo_479
3468350947,promo_479
3468350946,promo_479
3468350940,promo_479
3468350939,promo_479
3468350932,promo_479
3468350930,promo_479
3468350929,promo_479
3468350910,promo_479
3468350908,promo_479
3468350889,promo_479
3468350862,promo_479
3468350861,promo_479
3468350857,promo_479
3468350852,promo_479
3468350839,promo_479
3468350838,promo_479
3468350837,promo_479
3468350836,promo_479
3468350835,promo_479
3468350833,promo_479
3468350829,promo_479
3468350828,promo_479
3468350827,promo_479
3468350826,promo_479
3468350825,promo_479
3468350822,promo_479
3468350821,promo_479
3468350817,promo_479
3468350815,promo_479
3468350808,promo_479
3468350805,promo_479
3468350801,promo_479
3468350800,promo_479
3468350799,promo_479
3468350798,promo_479
3468350797,promo_479
3468350796,promo_479
3468350795,promo_479
3468350793,promo_479
3468350792,promo_479
3468350786,promo_479
3468350784,promo_479
3468350782,promo_479
3468350781,promo_479
3468350780,promo_479
3468350779,promo_479
3468350778,promo_479
3468350776,promo_479
3468350775,promo_479
3468350774,promo_479
3468350773,promo_479
3468350770,promo_479
3468350772,promo_479
3468350771,promo_479
3468350769,promo_479
3468350759,promo_479
3468350758,promo_479
3468350757,promo_479
3468350756,promo_479
3468350755,promo_479
3468350754,promo_479
3468350752,promo_479
3468350751,promo_479
3468350750,promo_479
3468350749,promo_479
3468350746,promo_479
3468350745,promo_479
3468350743,promo_479
3468350740,promo_479
3468350739,promo_479
3468350738,promo_479
3468350737,promo_479
3468350732,promo_479
3468350729,promo_479
3468350725,promo_479
3468350724,promo_479
3468350723,promo_479
3468350722,promo_479
3468350719,promo_479
3468350717,promo_479
3468350716,promo_479
3468350714,promo_479
3468350713,promo_479
3468350712,promo_479
3468350711,promo_479
3468350710,promo_479
3468350708,promo_479
3468350697,promo_479
3468350696,promo_479
3468350693,promo_479
3468350685,promo_479
3468350684,promo_479
3468350682,promo_479
3468350669,promo_479
3468350665,promo_479
3468350663,promo_479
3468350662,promo_479
3468350660,promo_479
3468350659,promo_479
3468350658,promo_479
3468350657,promo_479
3468350652,promo_479
3468350650,promo_479
3468350649,promo_479
3468350648,promo_479
3468350641,promo_479
3468350640,promo_479
3468350635,promo_479
3468350632,promo_479
3468350631,promo_479
3468350629,promo_479
3468350596,promo_479
3468350593,promo_479
3468350591,promo_479
3468350590,promo_479
3468350588,promo_479
3468350587,promo_479
3468350586,promo_479
3468350585,promo_479
3468350583,promo_479
3468350582,promo_479
3468350580,promo_479
3468350579,promo_479
3468350578,promo_479
3468350577,promo_479
3468350576,promo_479
3468350575,promo_479
3468350574,promo_479
3468350573,promo_479
3468350571,promo_479
3468350570,promo_479
3468350569,promo_479
3468350568,promo_479
3468350567,promo_479
3468350566,promo_479
3468350565,promo_479
3468350563,promo_479
3468350559,promo_479
3468350558,promo_479
3468350557,promo_479
3468350556,promo_479
3468350555,promo_479
3468350552,promo_479
3468350551,promo_479
3468350550,promo_479
3468350549,promo_479
3468350548,promo_479
3468350536,promo_479
3468350535,promo_479
3468350534,promo_479
3468350533,promo_479
3468350530,promo_479
3468350529,promo_479
3468350528,promo_479
3468350515,promo_479
3468350514,promo_479
3468350513,promo_479
3468350508,promo_479
3468350506,promo_479
3468350505,promo_479
3468350504,promo_479
3468350503,promo_479
3468350502,promo_479
3468350501,promo_479
3468350500,promo_479
3468350499,promo_479
3468350498,promo_479
3468350496,promo_479
3468350495,promo_479
3468350494,promo_479
3468350493,promo_479
3468350492,promo_479
3468350491,promo_479
3468350490,promo_479
3468350489,promo_479
3468350488,promo_479
3468350486,promo_479
3468350481,promo_479
3468350480,promo_479
3468350479,promo_479
3468350478,promo_479
3468350475,promo_479
3468350473,promo_479
3468350471,promo_479
3468350470,promo_479
3468350469,promo_479
3468350468,promo_479
3468350467,promo_479
3468350466,promo_479
3468350465,promo_479
3468350464,promo_479
3468350461,promo_479
3468350459,promo_479
3468350458,promo_479
3468350457,promo_479
3468350456,promo_479
3468350455,promo_479
3468350452,promo_479
3468350451,promo_479
3468350450,promo_479
3468350448,promo_479
3468350442,promo_479
3468350439,promo_479
3468350438,promo_479
3468350437,promo_479
3468350436,promo_479
3468350435,promo_479
3468350431,promo_479
3468350430,promo_479
3468350429,promo_479
3468350428,promo_479
3468350417,promo_479
3468350416,promo_479
3468350415,promo_479
3468350410,promo_479
3468350408,promo_479
3468350398,promo_479
3468350397,promo_479
3468350395,promo_479
3468350394,promo_479
3468350393,promo_479
3468350392,promo_479
3468350391,promo_479
3468350390,promo_479
3468350389,promo_479
3468350388,promo_479
3468350386,promo_479
3468350385,promo_479
3468350384,promo_479
3468350383,promo_479
3468350382,promo_479
3468350381,promo_479
3468350380,promo_479
3468350379,promo_479
3468350374,promo_479
3468350373,promo_479
3468350372,promo_479
3468350371,promo_479
3468350370,promo_479
3468350369,promo_479
3468350368,promo_479
3468350367,promo_479
3468350366,promo_479
3468350365,promo_479
3468350364,promo_479
3468350363,promo_479
3468350362,promo_479
3468350360,promo_479
3468350359,promo_479
3468350355,promo_479
3468350354,promo_479
3468350352,promo_479
3468350330,promo_479
3468350326,promo_479
3468350324,promo_479
3468350323,promo_479
3468350318,promo_479
3468350314,promo_479
3468350313,promo_479
3468350312,promo_479
3468350311,promo_479
3468350310,promo_479
3468350307,promo_479
3468350305,promo_479
3468350303,promo_479
3468350302,promo_479
3468350301,promo_479
3468350298,promo_479
3468350289,promo_479
3468350281,promo_479
3468350277,promo_479
3468350267,promo_479
3468350266,promo_479
3468350264,promo_479
3468350263,promo_479
3468350262,promo_479
3468350260,promo_479
3468350257,promo_479
3468350256,promo_479
3468350255,promo_479
3468350254,promo_479
3468350252,promo_479
3468350251,promo_479
3468350247,promo_479
3468350242,promo_479
3468350151,promo_479
3468350149,promo_479
3468350146,promo_479
3468350143,promo_479
3468350142,promo_479
3468350140,promo_479
3468350138,promo_479
3468350136,promo_479
3468350135,promo_479
3468350134,promo_479
3468350133,promo_479
3468350132,promo_479
3468350131,promo_479
3468350127,promo_479
3468350123,promo_479
3468350122,promo_479
3468350121,promo_479
3468350120,promo_479
3468350118,promo_479
3468350117,promo_479
3468350115,promo_479
3468350113,promo_479
3468350112,promo_479
3468350094,promo_479
3468350091,promo_479
3468350089,promo_479
3468350088,promo_479
3468350087,promo_479
3468350085,promo_479
3468350083,promo_479
3468350080,promo_479
3468350078,promo_479
3468350074,promo_479
3468350073,promo_479
3468350072,promo_479
3468350070,promo_479
3468350063,promo_479
3468350062,promo_479
3468350061,promo_479
3468350060,promo_479
3468350057,promo_479
3468350056,promo_479
3468350053,promo_479
3468350052,promo_479
3468350051,promo_479
3468350049,promo_479
3468350048,promo_479
3468350047,promo_479
3468350046,promo_479
3468350044,promo_479
3468350043,promo_479
3468350040,promo_479
3468350038,promo_479
3468350037,promo_479
3468350036,promo_479
3468350035,promo_479
3468350034,promo_479
3468350033,promo_479
3468350032,promo_479
3468350031,promo_479
3468350030,promo_479
3468350029,promo_479
3468350024,promo_479
3468350023,promo_479
3468350022,promo_479
3468350021,promo_479
3468350020,promo_479
3468350017,promo_479
3468350016,promo_479
3468350012,promo_479
3468350011,promo_479
3468350008,promo_479
3468350004,promo_479
3468350003,promo_479
3468350001,promo_479
3468350000,promo_479
3468349999,promo_479
3468349997,promo_479
3468349996,promo_479
3468349994,promo_479
3468349993,promo_479
3468349992,promo_479
3468349989,promo_479
3468349988,promo_479
3468349986,promo_479
3468349984,promo_479
3468349983,promo_479
3468349980,promo_479
3468349979,promo_479
3468349978,promo_479
3468349977,promo_479
3468349976,promo_479
3468349975,promo_479
3468349973,promo_479
3468349972,promo_479
3468349971,promo_479
3468349970,promo_479
3468349969,promo_479
3468349968,promo_479
3468349967,promo_479
3468349966,promo_479
3468349961,promo_479
3468349960,promo_479
3468349959,promo_479
3468349958,promo_479
3468349957,promo_479
3468349956,promo_479
3468349955,promo_479
3468349954,promo_479
3468349953,promo_479
3468349952,promo_479
3468349949,promo_479
3468349948,promo_479
3468349945,promo_479
3468349944,promo_479
3468349943,promo_479
3468349942,promo_479
3468349941,promo_479
3468349940,promo_479
3468349939,promo_479
3468349938,promo_479
3468349937,promo_479
3468349936,promo_479
3468349935,promo_479
3468349930,promo_479
3468349927,promo_479
3468349926,promo_479
3468349925,promo_479
3468349924,promo_479
3468349922,promo_479
3468349921,promo_479
3468349920,promo_479
3468349914,promo_479
3468349913,promo_479
3468349912,promo_479
3468349911,promo_479
3468349910,promo_479
3468349909,promo_479
3468349906,promo_479
3468349904,promo_479
3468349903,promo_479
3468349902,promo_479
3468349901,promo_479
3468349900,promo_479
3468349899,promo_479
3468349897,promo_479
3468349895,promo_479
3468349894,promo_479
3468349893,promo_479
3468349892,promo_479
3468349891,promo_479
3468349888,promo_479
3468349879,promo_479
3468349878,promo_479
3468349877,promo_479
3468349876,promo_479
3468349874,promo_479
3468349873,promo_479
3468349872,promo_479
3468349870,promo_479
3468349869,promo_479
3468349852,promo_479
3468349851,promo_479
3468349850,promo_479
3468349847,promo_479
3468349846,promo_479
3468349845,promo_479
3468349844,promo_479
3468349843,promo_479
3468349745,promo_479
3468349841,promo_479
3468349840,promo_479
3468349839,promo_479
3468349838,promo_479
3468349837,promo_479
3468349835,promo_479
3468349834,promo_479
3468349833,promo_479
3468349821,promo_479
3468349820,promo_479
3468349819,promo_479
3468349818,promo_479
3468349815,promo_479
3468349814,promo_479
3468349812,promo_479
3468349811,promo_479
3468349809,promo_479
3468349808,promo_479
3468349806,promo_479
3468349805,promo_479
3468349804,promo_479
3468349803,promo_479
3468349802,promo_479
3468349801,promo_479
3468349800,promo_479
3468349799,promo_479
3468349798,promo_479
3468349797,promo_479
3468349796,promo_479
3468349795,promo_479
3468349794,promo_479
3468349793,promo_479
3468349792,promo_479
3468349791,promo_479
3468349788,promo_479
3468349784,promo_479
3468349782,promo_479
3468349781,promo_479
3468349780,promo_479
3468349779,promo_479
3468349778,promo_479
3468349776,promo_479
3468349775,promo_479
3468349773,promo_479
3468349767,promo_479
3468349766,promo_479
3468349765,promo_479
3468349764,promo_479
3468349763,promo_479
3468349762,promo_479
3468349761,promo_479
3468349759,promo_479
3468349758,promo_479
3468349757,promo_479
3468349756,promo_479
3468349754,promo_479
3468349753,promo_479
3468349750,promo_479
3468349748,promo_479
3468349746,promo_479
3468349742,promo_479
3468349736,promo_479
3468349735,promo_479
3468349732,promo_479
3468349731,promo_479
3468349729,promo_479
3468349728,promo_479
3468349718,promo_479
3468349717,promo_479
3468349715,promo_479
3468349712,promo_479
3468349695,promo_479
3468349694,promo_479
3468349693,promo_479
3468349692,promo_479
3468349685,promo_479
3468349684,promo_479
3468349682,promo_479
3468349681,promo_479
3468349674,promo_479
3468349663,promo_479
3468349662,promo_479
3468349659,promo_479
3468349656,promo_479
3468349654,promo_479
3468349652,promo_479
3468349650,promo_479
3468349643,promo_479
3468349616,promo_479
3468349613,promo_479
3468349016,promo_479
3468349589,promo_479
3468349569,promo_479
3468349568,promo_479
3468349564,promo_479
3468349536,promo_479
3468349533,promo_479
3468349532,promo_479
3468349530,promo_479
3468349523,promo_479
3468349522,promo_479
3468349518,promo_479
3468349515,promo_479
3468349514,promo_479
3468349513,promo_479
3468349512,promo_479
3468349507,promo_479
3468349506,promo_479
3468349504,promo_479
3468349503,promo_479
3468349502,promo_479
3468349501,promo_479
3468349500,promo_479
3468349499,promo_479
3468349498,promo_479
3468349497,promo_479
3468349496,promo_479
3468349495,promo_479
3468349494,promo_479
3468349493,promo_479
3468349492,promo_479
3468349491,promo_479
3468349488,promo_479
3468349487,promo_479
3468349486,promo_479
3468349485,promo_479
3468349480,promo_479
3468349479,promo_479
3468349478,promo_479
3468349477,promo_479
3468349468,promo_479
3468349467,promo_479
3468349466,promo_479
3468349465,promo_479
3468349463,promo_479
3468349462,promo_479
3468349461,promo_479
3468349460,promo_479
3468349459,promo_479
3468349458,promo_479
3468349456,promo_479
3468349455,promo_479
3468349454,promo_479
3468349453,promo_479
3468349452,promo_479
3468349451,promo_479
3468349450,promo_479
3468349449,promo_479
3468349448,promo_479
3468349447,promo_479
3468349445,promo_479
3468349444,promo_479
3468349442,promo_479
3468349441,promo_479
3468349440,promo_479
3468349438,promo_479
3468349437,promo_479
3468349435,promo_479
3468349434,promo_479
3468349433,promo_479
3468349432,promo_479
3468349431,promo_479
3468349430,promo_479
3468349429,promo_479
3468349428,promo_479
3468349427,promo_479
3468349426,promo_479
3468349425,promo_479
3468349424,promo_479
3468349421,promo_479
3468349420,promo_479
3468349417,promo_479
3468349415,promo_479
3468349414,promo_479
3468349400,promo_479
3468349394,promo_479
3468349393,promo_479
3468349392,promo_479
3468349391,promo_479
3468349390,promo_479
3468349389,promo_479
3468349388,promo_479
3468349387,promo_479
3468349384,promo_479
3468349382,promo_479
3468349381,promo_479
3468349380,promo_479
3468349378,promo_479
3468349377,promo_479
3468349376,promo_479
3468349375,promo_479
3468349374,promo_479
3468349373,promo_479
3468349371,promo_479
3468349370,promo_479
3468349368,promo_479
3468349367,promo_479
3468349366,promo_479
3468349365,promo_479
3468349364,promo_479
3468349363,promo_479
3468349362,promo_479
3468349361,promo_479
3468349356,promo_479
3468349355,promo_479
3468349354,promo_479
3468349353,promo_479
3468349352,promo_479
3468349351,promo_479
3468349350,promo_479
3468349349,promo_479
3468349348,promo_479
3468349347,promo_479
3468349345,promo_479
3468349344,promo_479
3468349343,promo_479
3468349342,promo_479
3468349341,promo_479
3468349339,promo_479
3468349338,promo_479
3468349337,promo_479
3468349334,promo_479
3468349333,promo_479
3468349330,promo_479
3468349329,promo_479
3468349328,promo_479
3468349326,promo_479
3468349325,promo_479
3468349324,promo_479
3468349323,promo_479
3468349322,promo_479
3468349321,promo_479
3468349319,promo_479
3468349318,promo_479
3468349017,promo_479
3468348090,promo_479
3468349306,promo_479
3468349303,promo_479
3468349299,promo_479
3468349298,promo_479
3468349297,promo_479
3468349296,promo_479
3468349295,promo_479
3468349276,promo_479
3468349275,promo_479
3468349274,promo_479
3468349272,promo_479
3468349271,promo_479
3468349270,promo_479
3468349269,promo_479
3468349268,promo_479
3468349263,promo_479
3468349262,promo_479
3468349260,promo_479
3468349259,promo_479
3468349256,promo_479
3468349254,promo_479
3468349252,promo_479
3468349248,promo_479
3468349246,promo_479
3468349245,promo_479
3468349241,promo_479
3468349240,promo_479
3468349234,promo_479
3468349232,promo_479
3468349231,promo_479
3468349229,promo_479
3468349210,promo_479
3468349209,promo_479
3468349208,promo_479
3468349198,promo_479
3468349160,promo_479
3468349158,promo_479
3468349156,promo_479
3468349154,promo_479
3468349149,promo_479
3468349148,promo_479
3468349147,promo_479
3468349146,promo_479
3468349139,promo_479
3468349138,promo_479
3468349137,promo_479
3468349132,promo_479
3468349128,promo_479
3468349087,promo_479
3468349086,promo_479
3468349082,promo_479
3468349079,promo_479
3468349076,promo_479
3468349075,promo_479
3468349070,promo_479
3468349069,promo_479
3468349065,promo_479
3468349064,promo_479
3468349063,promo_479
3468349054,promo_479
3468349053,promo_479
3468349051,promo_479
3468349050,promo_479
3468349049,promo_479
3468349048,promo_479
3468349047,promo_479
3468349046,promo_479
3468349044,promo_479
3468349043,promo_479
3468349042,promo_479
3468349041,promo_479
3468349040,promo_479
3468349039,promo_479
3468349035,promo_479
3468349034,promo_479
3468349033,promo_479
3468349032,promo_479
3468349031,promo_479
3468349030,promo_479
3468349029,promo_479
3468349028,promo_479
3468349027,promo_479
3468349026,promo_479
3468349025,promo_479
3468349023,promo_479
3468349022,promo_479
3468349021,promo_479
3468349020,promo_479
3468349012,promo_479
3468349011,promo_479
3468349010,promo_479
3468349009,promo_479
3468349006,promo_479
3468349005,promo_479
3468349004,promo_479
3468349002,promo_479
3468349001,promo_479
3468349000,promo_479
3468348999,promo_479
3468348998,promo_479
3468348997,promo_479
3468348991,promo_479
3468348986,promo_479
3468348985,promo_479
3468348983,promo_479
3468348982,promo_479
3468348981,promo_479
3468348980,promo_479
3468348977,promo_479
3468348976,promo_479
3468348975,promo_479
3468348974,promo_479
3468348973,promo_479
3468348972,promo_479
3468348971,promo_479
3468348970,promo_479
3468348969,promo_479
3468348968,promo_479
3468348959,promo_479
3468348958,promo_479
3468348947,promo_479
3468348946,promo_479
3468348945,promo_479
3468348944,promo_479
3468348943,promo_479
3468348942,promo_479
3468348941,promo_479
3468348937,promo_479
3468348936,promo_479
3468348931,promo_479
3468348929,promo_479
3468348920,promo_479
3468348919,promo_479
3468348918,promo_479
3468348917,promo_479
3468348916,promo_479
3468348915,promo_479
3468348912,promo_479
3468348909,promo_479
3468348908,promo_479
3468348907,promo_479
3468348906,promo_479
3468348905,promo_479
3468348903,promo_479
3468348901,promo_479
3468348899,promo_479
3468348897,promo_479
3468348896,promo_479
3468348894,promo_479
3468348893,promo_479
3468348890,promo_479
3468348889,promo_479
3468348888,promo_479
3468348887,promo_479
3468348886,promo_479
3468348885,promo_479
3468348884,promo_479
3468348881,promo_479
3468348879,promo_479
3468348877,promo_479
3468348876,promo_479
3468348875,promo_479
3468348873,promo_479
3468348872,promo_479
3468348871,promo_479
3468348870,promo_479
3468348869,promo_479
3468348865,promo_479
3468348864,promo_479
3468348863,promo_479
3468348860,promo_479
3468348859,promo_479
3468348858,promo_479
3468348857,promo_479
3468348855,promo_479
3468348854,promo_479
3468348850,promo_479
3468348849,promo_479
3468348848,promo_479
3468348847,promo_479
3468348844,promo_479
3468348842,promo_479
3468348841,promo_479
3468348837,promo_479
3468348836,promo_479
3468348835,promo_479
3468348834,promo_479
3468348833,promo_479
3468348832,promo_479
3468348831,promo_479
3468348830,promo_479
3468348829,promo_479
3468348812,promo_479
3468348811,promo_479
3468348809,promo_479
3468348806,promo_479
3468348804,promo_479
3468348803,promo_479
3468348802,promo_479
3468348800,promo_479
3468348795,promo_479
3468348794,promo_479
3468348791,promo_479
3468348789,promo_479
3468348788,promo_479
3468348787,promo_479
3468348786,promo_479
3468348785,promo_479
3468348784,promo_479
3468348783,promo_479
3468348782,promo_479
3468348781,promo_479
3468348780,promo_479
3468348775,promo_479
3468348774,promo_479
3468348770,promo_479
3468348768,promo_479
3468348765,promo_479
3468348763,promo_479
3468348762,promo_479
3468348761,promo_479
3468348760,promo_479
3468348759,promo_479
3468348758,promo_479
3468348756,promo_479
3468348755,promo_479
3468348754,promo_479
3468348753,promo_479
3468348752,promo_479
3468348751,promo_479
3468348749,promo_479
3468348748,promo_479
3468348747,promo_479
3468348746,promo_479
3468348745,promo_479
3468348744,promo_479
3468348742,promo_479
3468348741,promo_479
3468348738,promo_479
3468348737,promo_479
3468348736,promo_479
3468348735,promo_479
3468348733,promo_479
3468348732,promo_479
3468348729,promo_479
3468348728,promo_479
3468348724,promo_479
3468348723,promo_479
3468348722,promo_479
3468348721,promo_479
3468348718,promo_479
3468348717,promo_479
3468348715,promo_479
3468348714,promo_479
3468348713,promo_479
3468348712,promo_479
3468348707,promo_479
3468348704,promo_479
3468348702,promo_479
3468348700,promo_479
3468348699,promo_479
3468348698,promo_479
3468348695,promo_479
3468348692,promo_479
3468348691,promo_479
3468348690,promo_479
3468348689,promo_479
3468348687,promo_479
3468348686,promo_479
3468348684,promo_479
3468348659,promo_479
3468348658,promo_479
3468348656,promo_479
3468348655,promo_479
3468348654,promo_479
3468348652,promo_479
3468348651,promo_479
3468348648,promo_479
3468348635,promo_479
3468348634,promo_479
3468348633,promo_479
3468348632,promo_479
3468348631,promo_479
3468348630,promo_479
3468348629,promo_479
3468348628,promo_479
3468348622,promo_479
3468348620,promo_479
3468348619,promo_479
3468348617,promo_479
3468348611,promo_479
3468348604,promo_479
3468348603,promo_479
3468348602,promo_479
3468348601,promo_479
3468348600,promo_479
3468348599,promo_479
3468348595,promo_479
3468348592,promo_479
3468348591,promo_479
3468348590,promo_479
3468348589,promo_479
3468348588,promo_479
3468348582,promo_479
3468348581,promo_479
3468348580,promo_479
3468348579,promo_479
3468348577,promo_479
3468348576,promo_479
3468348575,promo_479
3468348572,promo_479
3468348571,promo_479
3468348568,promo_479
3468348567,promo_479
3468348566,promo_479
3468348565,promo_479
3468348564,promo_479
3468348563,promo_479
3468348562,promo_479
3468348558,promo_479
3468348557,promo_479
3468348555,promo_479
3468348552,promo_479
3468348551,promo_479
3468348550,promo_479
3468348535,promo_479
3468348534,promo_479
3468348533,promo_479
3468348531,promo_479
3468348530,promo_479
3468348527,promo_479
3468348526,promo_479
3468348525,promo_479
3468348524,promo_479
3468348522,promo_479
3468348521,promo_479
3468348520,promo_479
3468348519,promo_479
3468348518,promo_479
3468348516,promo_479
3468348510,promo_479
3468348509,promo_479
3468348486,promo_479
3468348482,promo_479
3468348480,promo_479
3468348479,promo_479
3468348477,promo_479
3468348476,promo_479
3468348470,promo_479
3468348466,promo_479
3468348465,promo_479
3468348454,promo_479
3468348453,promo_479
3468348449,promo_479
3468348448,promo_479
3468348447,promo_479
3468348444,promo_479
3468348442,promo_479
3468348441,promo_479
3468348438,promo_479
3468348435,promo_479
3468348431,promo_479
3468348430,promo_479
3468348428,promo_479
3468348427,promo_479
3468348424,promo_479
3468348421,promo_479
3468348405,promo_479
3468348402,promo_479
3468348401,promo_479
3468348400,promo_479
3468348399,promo_479
3468348384,promo_479
3468348380,promo_479
3468348379,promo_479
3468348376,promo_479
3468348375,promo_479
3468348365,promo_479
3468348360,promo_479
3468348359,promo_479
3468348358,promo_479
3468348357,promo_479
3468348347,promo_479
3468348348,promo_479
3468348335,promo_479
3468348331,promo_479
3468348322,promo_479
3468348321,promo_479
3468348319,promo_479
3468348318,promo_479
3468348317,promo_479
3468348314,promo_479
3468348313,promo_479
3468348311,promo_479
3468348310,promo_479
3468348308,promo_479
3468348289,promo_479
3468348280,promo_479
3468348277,promo_479
3468348274,promo_479
3468348271,promo_479
3468348268,promo_479
3468348231,promo_479
3468348228,promo_479
3468348216,promo_479
3468348214,promo_479
3468348208,promo_479
3468348203,promo_479
3468348202,promo_479
3468348201,promo_479
3468348193,promo_479
3468348188,promo_479
3468348187,promo_479
3468348186,promo_479
3468348176,promo_479
3468348175,promo_479
3468348173,promo_479
3468348168,promo_479
3468348149,promo_479
3468348145,promo_479
3468348144,promo_479
3468348099,promo_479
3468348098,promo_479
3468348088,promo_479
3468348086,promo_479
3468348077,promo_479
3468348075,promo_479
3468348071,promo_479
3468348070,promo_479
3468348068,promo_479
3468348067,promo_479
3468348066,promo_479
3468348065,promo_479
3468348064,promo_479
3468348062,promo_479
3468348061,promo_479
3468348060,promo_479
3468348058,promo_479
3468348051,promo_479
3468348034,promo_479
3468348033,promo_479
3468348032,promo_479
3468338667,promo_479
3468348017,promo_479
3468348007,promo_479
3468347992,promo_479
3468347989,promo_479
3468347969,promo_479
3468347959,promo_479
3468347941,promo_479
3468347911,promo_479
3468347901,promo_479
3468347853,promo_479
3468347834,promo_479
3468347814,promo_479
3468347813,promo_479
3468347812,promo_479
3468347776,promo_479
3468347765,promo_479
3468347764,promo_479
3468347756,promo_479
3468347727,promo_479
3468347444,promo_479
3468347443,promo_479
3468347440,promo_479
3468347439,promo_479
3468347423,promo_479
3468347422,promo_479
3468347412,promo_479
3468347404,promo_479
3468347403,promo_479
3468347303,promo_479
3468347302,promo_479
3468347301,promo_479
3468347297,promo_479
3468347294,promo_479
3468347290,promo_479
3468347286,promo_479
3468347285,promo_479
3468347278,promo_479
3468347277,promo_479
3468347275,promo_479
3468347274,promo_479
3468347271,promo_479
3468347270,promo_479
3468347269,promo_479
3468347262,promo_479
3468347258,promo_479
3468347250,promo_479
3468347248,promo_479
3468347246,promo_479
3468347239,promo_479
3468347232,promo_479
3468347231,promo_479
3468347226,promo_479
3468347222,promo_479
3468347219,promo_479
3468347218,promo_479
3468347214,promo_479
3468347213,promo_479
3468347211,promo_479
3468347204,promo_479
3468347203,promo_479
3468347199,promo_479
3468347197,promo_479
3468347195,promo_479
3468347193,promo_479
3468347192,promo_479
3468347190,promo_479
3468347188,promo_479
3468347187,promo_479
3468347185,promo_479
3468347183,promo_479
3468347181,promo_479
3468347178,promo_479
3468347176,promo_479
3468347175,promo_479
3468347172,promo_479
3468347171,promo_479
3468347170,promo_479
3468347169,promo_479
3468347167,promo_479
3468347164,promo_479
3468347159,promo_479
3468347158,promo_479
3468347157,promo_479
3468347153,promo_479
3468347152,promo_479
3468347146,promo_479
3468347145,promo_479
3468347142,promo_479
3468347131,promo_479
3468347130,promo_479
3468347129,promo_479
3468347124,promo_479
3468347123,promo_479
3468347121,promo_479
3468347117,promo_479
3468347116,promo_479
3468347107,promo_479
3468347088,promo_479
3468347087,promo_479
3468347080,promo_479
3468347076,promo_479
3468347075,promo_479
3468347074,promo_479
3468347072,promo_479
3468347070,promo_479
3468347069,promo_479
3468347068,promo_479
3468347065,promo_479
3468347063,promo_479
3468347059,promo_479
3468347056,promo_479
3468347055,promo_479
3468347052,promo_479
3468347047,promo_479
3468347046,promo_479
3468347044,promo_479
3468347039,promo_479
3468347034,promo_479
3468347028,promo_479
3468347027,promo_479
3468347025,promo_479
3468347017,promo_479
3468347016,promo_479
3468347010,promo_479
3468346993,promo_479
3468346985,promo_479
3468346983,promo_479
3468346980,promo_479
3468346977,promo_479
3468346976,promo_479
3468346973,promo_479
3468346970,promo_479
3468346967,promo_479
3468346954,promo_479
3468346912,promo_479
3468346902,promo_479
3468346901,promo_479
3468346895,promo_479
3468346891,promo_479
3468346890,promo_479
3468346886,promo_479
3468346884,promo_479
3468346883,promo_479
3468346879,promo_479
3468346874,promo_479
3468346870,promo_479
3468346865,promo_479
3468346864,promo_479
3468346855,promo_479
3468346852,promo_479
3468346851,promo_479
3468346850,promo_479
3468346828,promo_479
3468346814,promo_479
3468346808,promo_479
3468346796,promo_479
3468346795,promo_479
3468346794,promo_479
3468346788,promo_479
3468346787,promo_479
3468346784,promo_479
3468346781,promo_479
3468346780,promo_479
3468346777,promo_479
3468346762,promo_479
3468346761,promo_479
3468346760,promo_479
3468346758,promo_479
3468346750,promo_479
3468346731,promo_479
3468346712,promo_479
3468346709,promo_479
3468346631,promo_479
3468346650,promo_479
3468346648,promo_479
3468346643,promo_479
3468346623,promo_479
3468346618,promo_479
3468346617,promo_479
3468346611,promo_479
3468346610,promo_479
3468346593,promo_479
3468346574,promo_479
3468346569,promo_479
3468346552,promo_479
3468346547,promo_479
3468346545,promo_479
3468346542,promo_479
3468346535,promo_479
3468346534,promo_479
3468346532,promo_479
3468346527,promo_479
3468346526,promo_479
3468346521,promo_479
3468346517,promo_479
3468346514,promo_479
3468346513,promo_479
3468346511,promo_479
3468346508,promo_479
3468346505,promo_479
3468346504,promo_479
3468346502,promo_479
3468346479,promo_479
3468346473,promo_479
3468346472,promo_479
3468346469,promo_479
3468346468,promo_479
3468346454,promo_479
3468346452,promo_479
3468346432,promo_479
3468346431,promo_479
3468346429,promo_479
3468346428,promo_479
3468346425,promo_479
3468346422,promo_479
3468346417,promo_479
3468346413,promo_479
3468346410,promo_479
3468346409,promo_479
3468346392,promo_479
3468346391,promo_479
3468346390,promo_479
3468346374,promo_479
3468346371,promo_479
3468346369,promo_479
3468346368,promo_479
3468346349,promo_479
3468346348,promo_479
3468346345,promo_479
3468346343,promo_479
3468346340,promo_479
3468346339,promo_479
3468346336,promo_479
3468346334,promo_479
3468346333,promo_479
3468346332,promo_479
3468346331,promo_479
3468346329,promo_479
3468346328,promo_479
3468346310,promo_479
3468346305,promo_479
3468346300,promo_479
3468346299,promo_479
3468346296,promo_479
3468346295,promo_479
3468346293,promo_479
3468346292,promo_479
3468346289,promo_479
3468346288,promo_479
3468346285,promo_479
3468346283,promo_479
3468346280,promo_479
3468346276,promo_479
3468346260,promo_479
3468346256,promo_479
3468346236,promo_479
3468346235,promo_479
3468346230,promo_479
3468346229,promo_479
3468346190,promo_479
3468346188,promo_479
3468346147,promo_479
3468346111,promo_479
3468346104,promo_479
3468346099,promo_479
3468346084,promo_479
3468346043,promo_479
3468346040,promo_479
3468346039,promo_479
3468346005,promo_479
3468346003,promo_479
3468345999,promo_479
3468345957,promo_479
3468345950,promo_479
3468345945,promo_479
3468345922,promo_479
3468345921,promo_479
3468345899,promo_479
3468345897,promo_479
3468345895,promo_479
3468345883,promo_479
3468345851,promo_479
3468345849,promo_479
3468345844,promo_479
3468345843,promo_479
3468345841,promo_479
3468345796,promo_479
3468345793,promo_479
3468345792,promo_479
3468345779,promo_479
3468345771,promo_479
3468345728,promo_479
3468345709,promo_479
3468345700,promo_479
3468345683,promo_479
3468345681,promo_479
3468345680,promo_479
3468345673,promo_479
3468345656,promo_479
3468345654,promo_479
3468345626,promo_479
3468345620,promo_479
3468345607,promo_479
3468345508,promo_479
3468345310,promo_479
3468345307,promo_479
3468345304,promo_479
3468345298,promo_479
3468345297,promo_479
3468345291,promo_479
3468345157,promo_479
3468345147,promo_479
3468345129,promo_479
3468345075,promo_479
3468338386,promo_479
3468345091,promo_479
3468345087,promo_479
3468345003,promo_479
3468344998,promo_479
3468344991,promo_479
3468344978,promo_479
3468344975,promo_479
3468344934,promo_479
3468344897,promo_479
3468344887,promo_479
3468344882,promo_479
3468344881,promo_479
3468344876,promo_479
3468344834,promo_479
3468344831,promo_479
3468344830,promo_479
3468344829,promo_479
3468344808,promo_479
3468344805,promo_479
3468344799,promo_479
3468344798,promo_479
3468344769,promo_479
3468344748,promo_479
3468344730,promo_479
3468344716,promo_479
3468344708,promo_479
3468344696,promo_479
3468344674,promo_479
3468344673,promo_479
3468344668,promo_479
3468344648,promo_479
3468344630,promo_479
3468344610,promo_479
3468344529,promo_479
3468344528,promo_479
3468344510,promo_479
3468344476,promo_479
3468344469,promo_479
3468344448,promo_479
3468344420,promo_479
3468344417,promo_479
3468344414,promo_479
3468344412,promo_479
3468344410,promo_479
3468344403,promo_479
3468344402,promo_479
3468344400,promo_479
3468344395,promo_479
3468344393,promo_479
3468344389,promo_479
3468344388,promo_479
3468344386,promo_479
3468344381,promo_479
3468344372,promo_479
3468344369,promo_479
3468344367,promo_479
3468344357,promo_479
3468344350,promo_479
3468344307,promo_479
3468344325,promo_479
3468344286,promo_479
3468344280,promo_479
3468344273,promo_479
3468344232,promo_479
3468344230,promo_479
3468339941,promo_479
3468340604,promo_479
3468337155,promo_479
3468338780,promo_479
3468338747,promo_479
3468337106,promo_479
3468337010,promo_479
3468337870,promo_479
3468337005,promo_479
3468336992,promo_479
3468336973,promo_479
3468340814,promo_479
3468339940,promo_479
3468339935,promo_479
3468341391,promo_479
3468339841,promo_479
3468339792,promo_479
3468339768,promo_479
3468338391,promo_479
3468339647,promo_479
3468341356,promo_479
3468339477,promo_479
3468339588,promo_479
3468339316,promo_479
3468340554,promo_479
3468339274,promo_479
3468339222,promo_479
3468339179,promo_479
3468340799,promo_479
3468341279,promo_479
3468339044,promo_479
3468339591,promo_479
3468339035,promo_479
3468339020,promo_479
3468338940,promo_479
3468341272,promo_479
3468340381,promo_479
3468338870,promo_479
3468338774,promo_479
3468338755,promo_479
3468338748,promo_479
3468338729,promo_479
3468341256,promo_479
3468340034,promo_479
3468338661,promo_479
3468338640,promo_479
3468341898,promo_479
3468338621,promo_479
3468340095,promo_479
3468338527,promo_479
3468338526,promo_479
3468338523,promo_479
3468340952,promo_479
3468338444,promo_479
3468338432,promo_479
3468338363,promo_479
3468341920,promo_479
3468338334,promo_479
3468342564,promo_479
3468340335,promo_479
3468338284,promo_479
3468338239,promo_479
3468338229,promo_479
3468338221,promo_479
3468341217,promo_479
3468341209,promo_479
3468338146,promo_479
3468340092,promo_479
3468338132,promo_479
3468338060,promo_479
3468337987,promo_479
3468338616,promo_479
3468340539,promo_479
3468340134,promo_479
3468337883,promo_479
3468339965,promo_479
3468339479,promo_479
3468340928,promo_479
3468337798,promo_479
3468337742,promo_479
3468337690,promo_479
3468342136,promo_479
3468342135,promo_479
3468340883,promo_479
3468340350,promo_479
3468340128,promo_479
3468337425,promo_479
3468337379,promo_479
3468340174,promo_479
3468337297,promo_479
3468340032,promo_479
3468340031,promo_479
3468340028,promo_479
3468340012,promo_479
3468340004,promo_479
3468339971,promo_479
3468337473,promo_479
3468342582,promo_479
3468339922,promo_479
3468337683,promo_479
3468339917,promo_479
3468339914,promo_479
3468339912,promo_479
3468339882,promo_479
3468341398,promo_479
3468338029,promo_479
3468338302,promo_479
3468339842,promo_479
3468341388,promo_479
3468339822,promo_479
3468339812,promo_479
3468339776,promo_479
3468339752,promo_479
3468341877,promo_479
3468339746,promo_479
3468339725,promo_479
3468340835,promo_479
3468340882,promo_479
3468341358,promo_479
3468339652,promo_479
3468339651,promo_479
3468339635,promo_479
3468339548,promo_479
3468341771,promo_479
3468339534,promo_479
3468339470,promo_479
3468339449,promo_479
3468339435,promo_479
3468339335,promo_479
3468339273,promo_479
3468339253,promo_479
3468339240,promo_479
3468339219,promo_479
3468339212,promo_479
3468338303,promo_479
3468339197,promo_479
3468339194,promo_479
3468339188,promo_479
3468341399,promo_479
3468339492,promo_479
3468339079,promo_479
3468339040,promo_479
3468339036,promo_479
3468339034,promo_479
3468339018,promo_479
3468341277,promo_479
3468339334,promo_479
3468338978,promo_479
3468338969,promo_479
3468341733,promo_479
3468338968,promo_479
3468338938,promo_479
3468338004,promo_479
3468342883,promo_479
3468338853,promo_479
3468338851,promo_479
3468338750,promo_479
3468338726,promo_479
3468338721,promo_479
3468338717,promo_479
3468338715,promo_479
3468338708,promo_479
3468338703,promo_479
3468338704,promo_479
3468338685,promo_479
3468342552,promo_479
3468338643,promo_479
3468338635,promo_479
3468338614,promo_479
3468341026,promo_479
3468338563,promo_479
3468338549,promo_479
3468338528,promo_479
3468338522,promo_479
3468338513,promo_479
3468338497,promo_479
3468338493,promo_479
3468338485,promo_479
3468338478,promo_479
3468338476,promo_479
3468338428,promo_479
3468338422,promo_479
3468338395,promo_479
3468338372,promo_479
3468338361,promo_479
3468337278,promo_479
3468338345,promo_479
3468338323,promo_479
3468338321,promo_479
3468338313,promo_479
3468338343,promo_479
3468338311,promo_479
3468338288,promo_479
3468341221,promo_479
3468338265,promo_479
3468338226,promo_479
3468338223,promo_479
3468338206,promo_479
3468341889,promo_479
3468338848,promo_479
3468338111,promo_479
3468340055,promo_479
3468338059,promo_479
3468338050,promo_479
3468338035,promo_479
3468338861,promo_479
3468338019,promo_479
3468337541,promo_479
3468337982,promo_479
3468337978,promo_479
3468342144,promo_479
3468337908,promo_479
3468337904,promo_479
3468341731,promo_479
3468341192,promo_479
3468337873,promo_479
3468337853,promo_479
3468337851,promo_479
3468341734,promo_479
3468341187,promo_479
3468338053,promo_479
3468337768,promo_479
3468337760,promo_479
3468337752,promo_479
3468337718,promo_479
3468337711,promo_479
3468337700,promo_479
3468337695,promo_479
3468341181,promo_479
3468337689,promo_479
3468342568,promo_479
3468337655,promo_479
3468337619,promo_479
3468337606,promo_479
3468337593,promo_479
3468337569,promo_479
3468341170,promo_479
3468337533,promo_479
3468341711,promo_479
3468337480,promo_479
3468337469,promo_479
3468337459,promo_479
3468337458,promo_479
3468337456,promo_479
3468337423,promo_479
3468337420,promo_479
3468338225,promo_479
3468341674,promo_479
3468337377,promo_479
3468337345,promo_479
3468337346,promo_479
3468338560,promo_479
3468337341,promo_479
3468337299,promo_479
3468337280,promo_479
3468339948,promo_479
3468339352,promo_479
3468339010,promo_479
3468337529,promo_479
3468338744,promo_479
3468338512,promo_479
3468340593,promo_479
3468341190,promo_479
3468339985,promo_479
3468339960,promo_479
3468340189,promo_479
3468340160,promo_479
3468339772,promo_479
3468339736,promo_479
3468339529,promo_479
3468339255,promo_479
3468339078,promo_479
3468339075,promo_479
3468340851,promo_479
3468338598,promo_479
3468338463,promo_479
3468338201,promo_479
3468340730,promo_479
3468338081,promo_479
3468338073,promo_479
3468338072,promo_479
3468337877,promo_479
3468337878,promo_479
3468340297,promo_479
3468340948,promo_479
3468337713,promo_479
3468337671,promo_479
3468337436,promo_479
3468337397,promo_479
3468340144,promo_479
3468340408,promo_479
3468340545,promo_479
3468338742,promo_479
3468340197,promo_479
3468339656,promo_479
3468339613,promo_479
3468340254,promo_479
3468340367,promo_479
3468341349,promo_479
3468339200,promo_479
3468341811,promo_479
3468339069,promo_479
3468339045,promo_479
3468339042,promo_479
3468338925,promo_479
3468340652,promo_479
3468341405,promo_479
3468342156,promo_479
3468340326,promo_479
3468338833,promo_479
3468338813,promo_479
3468340550,promo_479
3468341820,promo_479
3468340670,promo_479
3468341914,promo_479
3468338550,promo_479
3468338495,promo_479
3468341231,promo_479
3468342054,promo_479
3468340733,promo_479
3468338189,promo_479
3468342065,promo_479
3468340325,promo_479
3468341210,promo_479
3468341208,promo_479
3468338051,promo_479
3468340354,promo_479
3468337976,promo_479
3468337964,promo_479
3468337867,promo_479
3468337758,promo_479
3468337757,promo_479
3468340385,promo_479
3468337678,promo_479
3468337643,promo_479
3468337564,promo_479
3468337524,promo_479
3468337466,promo_479
3468342058,promo_479
3468340366,promo_479
3468341154,promo_479
3468337398,promo_479
3468341394,promo_479
3468341395,promo_479
3468339783,promo_479
3468342131,promo_479
3468341363,promo_479
3468339622,promo_479
3468341352,promo_479
3468340141,promo_479
3468340145,promo_479
3468340413,promo_479
3468339211,promo_479
3468340932,promo_479
3468341328,promo_479
3468340601,promo_479
3468340758,promo_479
3468340356,promo_479
3468338889,promo_479
3468338881,promo_479
3468340393,promo_479
3468341893,promo_479
3468340525,promo_479
3468342059,promo_479
3468342143,promo_479
3468338611,promo_479
3468338573,promo_479
3468340370,promo_479
3468338507,promo_479
3468338439,promo_479
3468341874,promo_479
3468338398,promo_479
3468340864,promo_479
3468338383,promo_479
3468341821,promo_479
3468340890,promo_479
3468338197,promo_479
3468340414,promo_479
3468341212,promo_479
3468338179,promo_479
3468342055,promo_479
3468340813,promo_479
3468338134,promo_479
3468342130,promo_479
3468341875,promo_479
3468338056,promo_479
3468337972,promo_479
3468337967,promo_479
3468337837,promo_479
3468337834,promo_479
3468342063,promo_479
3468340148,promo_479
3468342155,promo_479
3468342066,promo_479
3468341916,promo_479
3468340324,promo_479
3468341913,promo_479
3468337516,promo_479
3468337464,promo_479
3468341871,promo_479
3468340290,promo_479
3468340521,promo_479
3468339640,promo_479
3468337934,promo_479
3468343731,promo_479
3468337970,promo_479
3468340321,promo_479
3468339605,promo_479
3468339950,promo_479
3468339177,promo_479
5591100000,promo_479
5591000000,promo_479
3468350564,promo_479
3468350560,promo_479
3468349615,promo_479
5613100000,promo_479
5613200000,promo_479
5613300000,promo_479
5613000000,promo_479
3468346100,promo_479
3468348793,promo_479
3468348862,promo_479
5578500000,promo_479
3468337920,promo_479
3468350718,promo_479
3468348517,promo_479
3468350768,promo_479
5594300000,promo_479
3468347417,promo_479
5578200000,promo_479
3468345916,promo_479
3468350809,promo_479
3468350651,promo_479
3468350572,promo_479
3468350414,promo_479
3468349934,promo_479
3468349933,promo_479
3468349829,promo_479
3468349828,promo_479
3468349446,promo_479
3468349253,promo_479
3468349058,promo_479
3468349057,promo_479
3468348807,promo_479
3468348578,promo_479
3468348057,promo_479
3468347054,promo_479
3468347020,promo_479
3468346635,promo_479
3468346628,promo_479
3468344898,promo_479
3468344725,promo_479
3468338558,promo_479
3468339876,promo_479
3468340139,promo_479
3468338713,promo_479
3468338459,promo_479
3468337787,promo_479
3468338671,promo_479
3468337421,promo_479
3468340596,promo_479
3468347106,promo_479
3468348846,promo_479
3468344891,promo_479
3468338356,promo_479
