null,null
3095005,QSTC4100012SOTest
3115009,QSTC3932997SOTest
2975010,QSTC4020047SOTest
3105002,QSTC2491255SOTest
3105003,QSTC4120014SOTest
3025005,QSTC3990048SOTest
3095006,QSTC4070021SOTest
3055009,QSTC4120017SOTest
3125001,QSTC4160013SOTest
2975012,QSTC4160014SOTest
3095007,QSTC4130021SOTest
2975013,QSTC4120019SOTest
2975013,QSTC4120019SOTest
3025006,QSTC4090022SOTest
3025007,QSTC4120020SOTest
3015012,QSTC4130023SOTest
3015013,QSTC4040034SOTest
3085004,QSTC4120021SOTest
2945008,QSTC4070026SOTest
2945009,QSTC4090023SOTest
3035005,QSTC3990053SOTest
3035006,QSTC4010048SOTest
3125002,QSTC4010049SOTest
2975014,QSTC4040035SOTest
3005011,QSTC4010050SOTest
2955009,QSTC3990055SOTest
2955010,QSTC3980047SOTest
3065005,QSTC4050050SOTest
3105004,QSTC4090027SOTest
3025008,QSTC3980048SOTest
3025009,QSTC4010052SOTest
3105005,QSTC4090029SOTest
3015015,QSTC3980049SOTest
3095008,QSTC4110022SOTest
3095009,QSTC4100018SOTest
3095010,QSTC3980053SOTest
3065006,QSTC4110024SOTest
3005012,QSTC4010053SOTest
3015016,QSTC4140023SOTest
3045004,QSTC4090031SOTest
3055010,QSTC3980055SOTest
3015017,QSTC4130028SOTest
3095011,QSTC4040041SOTest
3125004,QSTC4100021SOTest
3035007,QSTC4110030SOTest
3085006,QSTC4160026SOTest
3005013,QSTC3980057SOTest
2955012,QSTC4010055SOTest
3085007,QSTC4010056SOTest
2975016,QSTC4160029SOTest
3045005,QSTC4080030SOTest
3045005,QSTC4080030SOTest
3045006,QSTC3990067SOTest
2975017,QSTC4040043SOTest
3005014,QSTC4130035SOTest
3025010,QSTC4070033SOTest
3065008,QSTC4140028SOTest
3055011,QSTC4110033SOTest
3055012,QSTC4070034SOTest
3055013,QSTC4130037SOTest
3055013,QSTC4130037SOTest
2975018,QSTC4010045SOTest
2975018,QSTC4010045SOTest
null,null
2955013,QSTC4070036SOTest
3105006,QSTC4110038SOTest
3045007,QSTC4040049SOTest
3045008,QSTC3990072SOTest
3045008,QSTC3990072SOTest
3095012,QSTC4130031SOTest
3025011,QSTC4110041SOTest
3095013,QSTC4110042SOTest
3015019,QSTC4130040SOTest
3095014,QSTC4090039SOTest
3025012,QSTC4140032SOTest
3015020,QSTC4080036SOTest
3055016,QSTC4070039SOTest
3135000,QSTC4120036SOTest
2975019,QSTC4130039SOTest
3135001,QSTC4080038SOTest
3015021,QSTC3980062SOTest
3045009,QSTC4160031SOTest
3085008,QSTC4120038SOTest
2975021,QSTC3990076SOTest
2955014,QSTC4160042SOTest
3045010,QSTC4140030SOTest
2975024,QSTC4070041SOTest
3105007,QSTC4110044SOTest
3035008,QSTC4070042SOTest
3105008,QSTC4010065SOTest
3105009,QSTC3980070SOTest
2955015,QSTC4080041SOTest
2955016,QSTC4010067SOTest
3055017,QSTC4160046SOTest
3015023,QSTC4040056SOTest
3015023,QSTC4040056SOTest
3125005,QSTC4130046SOTest
3035010,QSTC4160047SOTest
3045012,QSTC4080044SOTest
3105010,QSTC4130047SOTest
3095016,QSTC4010069SOTest
3065012,QSTC4070043SOTest
3035011,QSTC4090048SOTest
2955017,QSTC4120043SOTest
3055019,QSTC4130049SOTest
3125006,QSTC3980075SOTest
3015024,QSTC4070045SOTest
3145000,QSTC4140042SOTest
3095018,QSTC3990081SOTest
3085009,QSTC4140043SOTest
3105011,QSTC4040064SOTest
3085010,QSTC4010073SOTest
3005016,QSTC4110047SOTest
2975026,QSTC4200000SOTest
3065013,QSTC4100035SOTest
3105012,QSTC4100036SOTest
3085012,QSTC4140049SOTest
2975027,QSTC4160052SOTest
3105013,QSTC4190002SOTest
2975028,QSTC3980078SOTest
3095019,QSTC4130052SOTest
3145001,QSTC4160054SOTest
3025015,QSTC4120046SOTest
3025015,QSTC4120046SOTest
3105014,QSTC4110049SOTest
3125007,QSTC4160055SOTest
3145002,QSTC4120048SOTest
3015025,QSTC4190005SOTest
3045014,QSTC4200008SOTest
3035013,QSTC4200009SOTest
3085013,QSTC4110051SOTest
3055020,QSTC4160057SOTest
3155002,QSTC4160058SOTest
3035014,QSTC4110052SOTest
3095020,QSTC4010077SOTest
3085015,QSTC4190007SOTest
3065014,QSTC4130054SOTest
3065015,QSTC4100040SOTest
3005017,QSTC4190009SOTest
2975029,QSTC3980083SOTest
3085016,QSTC4070052SOTest
3005018,QSTC4130055SOTest
3135002,QSTC4140054SOTest
3155003,QSTC3990087SOTest
3025016,QSTC4200011SOTest
3135005,QSTC4090056SOTest
3025019,QSTC4070038SOTest
3065017,QSTC4090059SOTest
3125009,QSTC4140057SOTest
3125010,QSTC4190016SOTest
3005019,QSTC4160067SOTest
3045017,QSTC4040075SOTest
3045017,QSTC4040075SOTest
3105016,QSTC4110066SOTest
3045018,QSTC4120056SOTest
2955019,QSTC4120057SOTest
3135006,QSTC4010087SOTest
3005021,QSTC4110067SOTest
3095021,QSTC4080062SOTest
3135007,QSTC4070057SOTest
3065019,QSTC4090065SOTest
3065020,QSTC3990095SOTest
3015027,QSTC4120058SOTest
3015028,QSTC4140062SOTest
3085017,QSTC4100047SOTest
3125011,QSTC4100049SOTest
3125011,QSTC4100049SOTest
3045019,QSTC3990096SOTest
3025020,QSTC4160071SOTest
3085018,QSTC4080069SOTest
2975030,QSTC3980090SOTest
3025021,QSTC4100051SOTest
3025023,QSTC4070061SOTest
3025024,QSTC4090045SOTest
3135008,QSTC4120060SOTest
3035015,QSTC3980092SOTest
3065021,QSTC4090072SOTest
3085019,QSTC4010089SOTest
3025025,QSTC4140064SOTest
3015029,QSTC4180024SOTest
2955020,QSTC4040080SOTest
3105017,QSTC4120062SOTest
2955021,QSTC4010091SOTest
3045020,QSTC4180026SOTest
2955022,QSTC4180027SOTest
3095022,QSTC4040082SOTest
3045021,QSTC4010096SOTest
3065022,QSTC4100056SOTest
3155004,QSTC4100057SOTest
3015030,QSTC4200020SOTest
3015030,QSTC4200020SOTest
3015031,QSTC4200022SOTest
2975031,QSTC3990100SOTest
2975032,QSTC3990101SOTest
3035016,QSTC4200024SOTest
3135009,QSTC4160073SOTest
3145004,QSTC4200025SOTest
2955024,QSTC4040085SOTest
3085020,QSTC4090078SOTest
3155006,QSTC4130076SOTest
3035017,QSTC4130077SOTest
3015032,QSTC4070047SOTest
3135010,QSTC4130079SOTest
3135011,QSTC4200028SOTest
2955025,QSTC4180033SOTest
3105020,QSTC4070069SOTest
3105021,QSTC4180034SOTest
3105021,QSTC4180034SOTest
3005024,QSTC4040088SOTest
3085021,QSTC4190028SOTest
3125012,QSTC4200029SOTest
3135012,QSTC4180036SOTest
3055026,QSTC4180037SOTest
3085022,QSTC4010098SOTest
3145005,QSTC4190030SOTest
2955026,QSTC4180038SOTest
3065023,QSTC3990105SOTest
3095023,QSTC4080058SOTest
3015033,QSTC3990106SOTest
3015034,QSTC4110081SOTest
2975033,QSTC3980105SOTest
3005026,QSTC4180039SOTest
3105022,QSTC4080081SOTest
3135013,QSTC4070073SOTest
3035019,QSTC4010101SOTest
3035020,QSTC4180041SOTest
3035020,QSTC4180041SOTest
null,null
3085023,QSTC4080083SOTest
3055027,QSTC4110082SOTest
3105023,QSTC4140082SOTest
3045023,QSTC4190022SOTest
3015035,QSTC4010104SOTest
3095024,QSTC4160081SOTest
3095024,QSTC4160081SOTest
3135014,QSTC4090086SOTest
3085024,QSTC4010106SOTest
3145006,QSTC4140083SOTest
3145007,QSTC4120078SOTest
3155007,QSTC3980107SOTest
3155007,QSTC3980107SOTest
3035021,QSTC4180045SOTest
2955027,QSTC4010109SOTest
3035022,QSTC4120080SOTest
3085025,QSTC4130087SOTest
3145008,QSTC4190036SOTest
3015036,QSTC4100068SOTest
2955028,QSTC4040096SOTest
2955029,QSTC4080085SOTest
3095026,QSTC4090088SOTest
3125013,QSTC4180047SOTest
3125013,QSTC4180047SOTest
3015037,QSTC4040098SOTest
3105024,QSTC4090089SOTest
3055028,QSTC4090090SOTest
3055029,QSTC4200021SOTest
3145009,QSTC4080088SOTest
3045024,QSTC4080089SOTest
3155008,QSTC4180053SOTest
3055030,QSTC4110094SOTest
2955030,QSTC4080092SOTest
3135015,QSTC4130090SOTest
3005027,QSTC4010117SOTest
3105025,QSTC4160097SOTest
3005029,QSTC4090091SOTest
3095027,QSTC4090092SOTest
3095027,QSTC4090092SOTest
null,null
3055031,QSTC4180061SOTest
3015038,QSTC4180062SOTest
3015039,QSTC4080095SOTest
3015039,QSTC4080095SOTest
3145010,QSTC3980101SOTest
3015040,QSTC3980120SOTest
3055032,QSTC4040104SOTest
3035023,QSTC4090096SOTest
3005030,QSTC3980121SOTest
2955033,QSTC4070089SOTest
3085026,QSTC4080097SOTest
3135017,QSTC4140100SOTest
3015041,QSTC4090098SOTest
3045025,QSTC4080099SOTest
3005031,QSTC4090099SOTest
3095028,QSTC4070092SOTest
3065024,QSTC4070093SOTest
3035024,QSTC4180066SOTest
3055033,QSTC3990122SOTest
3105026,QSTC3990123SOTest
2955034,QSTC3980124SOTest
3035025,QSTC4070094SOTest
3095029,QSTC4010128SOTest
3055034,QSTC4120092SOTest
3015042,QSTC4040108SOTest
3015043,QSTC4100083SOTest
3135018,QSTC4160104SOTest
3005032,QSTC3990128SOTest
3125014,QSTC4200054SOTest
3135019,QSTC4190043SOTest
3045026,QSTC3990129SOTest
3095030,QSTC4110102SOTest
3005034,QSTC4110103SOTest
3145011,QSTC4190044SOTest
3005035,QSTC3980127SOTest
3005036,QSTC4010130SOTest
3105027,QSTC4100088SOTest
3035026,QSTC4070098SOTest
3035026,QSTC4070098SOTest
3155009,QSTC4010131SOTest
2955035,QSTC4140111SOTest
3085028,QSTC4180073SOTest
3145012,QSTC4080105SOTest
3145013,QSTC4090106SOTest
3135020,QSTC4090107SOTest
3055035,QSTC4100090SOTest
3155010,QSTC4140112SOTest
3065025,QSTC4090108SOTest
3025029,QSTC4200062SOTest
3095031,QSTC4130100SOTest
3125016,QSTC3980129SOTest
null,null
null,null
null,null
null,null
3035029,QSTC4200065SOTest
3135034,QSTC4100143SOTest
3145023,QSTC4010133SOTest
3025041,QSTC4080109SOTest
3105038,QSTC3980130SOTest
3015062,QSTC4200066SOTest
3025042,QSTC4120150SOTest
3005045,QSTC4200105SOTest
3065038,QSTC3980183SOTest
3085041,QSTC4160165SOTest
3045041,QSTC4190106SOTest
3065039,QSTC4160166SOTest
3045042,QSTC3980184SOTest
3095046,QSTC4090152SOTest
3055041,QSTC4080166SOTest
3005046,QSTC4160168SOTest
3135035,QSTC4140165SOTest
2955046,QSTC4190032SOTest
3085042,QSTC4010103SOTest
3135036,QSTC4180139SOTest
3155015,QSTC3990183SOTest
3125024,QSTC4120156SOTest
3035035,QSTC4160171SOTest
3035035,QSTC4160171SOTest
3095047,QSTC4110155SOTest
2975042,QSTC4160082SOTest
3005047,QSTC4040170SOTest
3145024,QSTC4010197SOTest
3065040,QSTC4140168SOTest
3155016,QSTC4120158SOTest
3005049,QSTC4200109SOTest
3055042,QSTC4010108SOTest
3085044,QSTC4090154SOTest
3095048,QSTC4190111SOTest
3125025,QSTC4190112SOTest
3065042,QSTC3990185SOTest
3145025,QSTC4010201SOTest
3045043,QSTC3990186SOTest
3025043,QSTC4070145SOTest
3105039,QSTC4180140SOTest
3135037,QSTC4190113SOTest
3025044,QSTC4180049SOTest
3145026,QSTC4190114SOTest
3085045,QSTC4140170SOTest
3035036,QSTC4090157SOTest
3035037,QSTC4160179SOTest
3065044,QSTC4130158SOTest
3095049,QSTC4190116SOTest
3135038,QSTC4120164SOTest
2955048,QSTC4110160SOTest
2955049,QSTC4040173SOTest
3045044,QSTC4140172SOTest
3125026,QSTC4100159SOTest
3135039,QSTC4180143SOTest
3135039,QSTC4180143SOTest
2955050,QSTC4040174SOTest
3145027,QSTC4180058SOTest
3095051,QSTC4190040SOTest
3085046,QSTC4140174SOTest
3085046,QSTC4140174SOTest
null,null
3175001,QSTC4250012SOTest
3165004,QSTC4270006SOTest
3195001,QSTC4260005SOTest
3215002,QSTC4280005SOTest
3225000,QSTC4230010SOTest
3225001,QSTC4270010SOTest
3225002,QSTC4250014SOTest
3185002,QSTC4270011SOTest
3215003,QSTC4230012SOTest
3235000,QSTC4270012SOTest
3215004,QSTC4210007SOTest
3185003,QSTC4210008SOTest
3175002,QSTC4290007SOTest
3175003,QSTC4220008SOTest
3175004,QSTC4290011SOTest
3165005,QSTC4290012SOTest
3165006,QSTC4280009SOTest
3215005,QSTC4290013SOTest
3195002,QSTC4270016SOTest
3225003,QSTC4230016SOTest
3165008,QSTC4220009SOTest
3165009,QSTC4260014SOTest
3165010,QSTC4080169SOTest
3225004,QSTC4240019SOTest
3185004,QSTC4290014SOTest
3165011,QSTC4220011SOTest
3245000,QSTC4210014SOTest
3225005,QSTC4270019SOTest
3215006,QSTC4250022SOTest
3215007,QSTC4270020SOTest
3215008,QSTC4210016SOTest
3195003,QSTC4280012SOTest
3225006,QSTC4280013SOTest
3175005,QSTC4240021SOTest
3225007,QSTC4280014SOTest
3225007,QSTC4280014SOTest
3205002,QSTC4250024SOTest
3175006,QSTC4250026SOTest
3245002,QSTC4270024SOTest
3215010,QSTC4240025SOTest
3245003,QSTC4210021SOTest
3245004,QSTC4270025SOTest
3185005,QSTC4260022SOTest
3205004,QSTC4260024SOTest
3205005,QSTC4290024SOTest
3185006,QSTC4230028SOTest
3185007,QSTC4250028SOTest
3235001,QSTC4230030SOTest
3165013,QSTC4290026SOTest
3165013,QSTC4290026SOTest
3215013,QSTC4260025SOTest
3235002,QSTC4250034SOTest
3165014,QSTC4260026SOTest
3185008,QSTC4280021SOTest
3195004,QSTC3980191SOTest
3165015,QSTC4290028SOTest
3235003,QSTC4230036SOTest
3185009,QSTC4230038SOTest
3165016,QSTC4240028SOTest
3205006,QSTC4260028SOTest
3165017,QSTC4210029SOTest
3175007,QSTC4180063SOTest
3175008,QSTC4260029SOTest
3245005,QSTC4220022SOTest
3245006,QSTC4240030SOTest
3165018,QSTC4250039SOTest
3185010,QSTC4280027SOTest
3165019,QSTC4230043SOTest
3185011,QSTC4280028SOTest
3195005,QSTC4260031SOTest
3195006,QSTC4210034SOTest
3205007,QSTC4280031SOTest
3165022,QSTC4240035SOTest
3205008,QSTC4220030SOTest
3235006,QSTC4240036SOTest
3215014,QSTC4250043SOTest
3235008,QSTC4210035SOTest
3245007,QSTC4290037SOTest
3195007,QSTC4230045SOTest
3215015,QSTC4250047SOTest
3175009,QSTC4230047SOTest
3175009,QSTC4230047SOTest
3195008,QSTC4280035SOTest
3165024,QSTC4220035SOTest
3215016,QSTC4270041SOTest
3225013,QSTC4260038SOTest
3175010,QSTC4260039SOTest
3205010,QSTC4250049SOTest
3165025,QSTC4280038SOTest
3165026,QSTC4230048SOTest
3175011,QSTC4250050SOTest
3175012,QSTC4290040SOTest
3215017,QSTC4240041SOTest
3215018,QSTC4250052SOTest
3215019,QSTC4280040SOTest
3195010,QSTC4230049SOTest
3195011,QSTC4190045SOTest
3245008,QSTC4210042SOTest
3165028,QSTC4220045SOTest
3245009,QSTC4290043SOTest
3245009,QSTC4290043SOTest
3245010,QSTC4210045SOTest
3185024,QSTC4290088SOTest
3185024,QSTC4290088SOTest
3835000,QSTC5220001SOTest
3845000,QSTC5260000SOTest
3795001,TTDC5190002SOTest
3855000,TTDC4030028SOTest3860905,QSTC6211664SOTest
3880963,TTDC6182387SOTest
4368676,GPMC7981778SOTest
4318886,TTWC8001541SOTest
null,null
10395000,QSTC16920000SOTest
10405000,TTDC16930000SOTest
10395001,TTDC16990001SOTest
10435000,QSTC17030000SOTest
10435001,TTDC16960001SOTest
10435002,QSTC16970002SOTest
10455000,TTDC17000001SOTest
10465000,QSTC16960004SOTest
10445001,TTDC16890004SOTest
10405001,QSTC16890005SOTest
10475001,QSTC16950004SOTest
10475002,TTDC6221314SOTest
10485000,TTDC16970003SOTest
10495000,QSTC17020004SOTest
10505000,TTDC16990003SOTest
10425002,QSTC16970004SOTest
10395002,QSTC16950005SOTest
10515000,TTDC16930006SOTest
10415001,TTDC16890006SOTest
10435003,QSTC16920005SOTest
10435004,TTDC16950007SOTest
10515001,QSTC17010005SOTest
10485001,TTDC16960006SOTest
10485002,QSTC16960007SOTest
10525000,TTDC16920006SOTest
10455001,TTDC17010006SOTest
10535000,QSTC17010004SOTest
10535001,TTDC17000003SOTest
10535002,QSTC16910002SOTest
10445002,QSTC16970006SOTest
10465001,TTDC16960008SOTest
10445003,TTDC17030004SOTest
10465002,QSTC16990005SOTest
10495001,TTDC17010009SOTest
10485003,QSTC16940007SOTest
10515002,TTDC16970007SOTest
10425004,QSTC17030007SOTest
10485004,TTDC16960011SOTest
10525001,QSTC17020007SOTest
10545001,TTDC16890009SOTest
10425005,QSTC17000005SOTest
10395003,QSTC17030008SOTest
10535003,TTDC16950009SOTest
10455002,QSTC16960012SOTest
10505001,TTDC16970011SOTest
10445004,TTDC16890010SOTest
10395004,QSTC16990009SOTest
10545002,TTDC17000007SOTest
10495002,QSTC16980008SOTest
10545003,TTDC16940010SOTest
10395005,QSTC16970012SOTest
10395006,TTDC17010011SOTest
10505002,QSTC17020008SOTest
10515003,TTDC16990011SOTest
10495003,QSTC17000008SOTest
10525003,TTDC16920011SOTest
10465004,QSTC16900006SOTest
10495004,TTDC16900007SOTest
10495005,QSTC16910008SOTest
10495006,TTDC16910009SOTest
10495005,QSTC16910008SOTest
10405002,TTDC16950012SOTest
10525004,QSTC16900009SOTest
10475004,TTDC16970017SOTest
10465005,QSTC16920017SOTest
10525005,TTDC16950014SOTest
10475005,TTDC16970018SOTest
10465006,QSTC16900011SOTest
10525006,TTDC16970019SOTest
10395007,QSTC16930017SOTest
10525007,TTDC16950015SOTest
10495007,TTDC16900013SOTest
10495008,QSTC16920014SOTest
10495009,TTDC16930018SOTest
10525008,QSTC16930019SOTest
10395008,TTDC16930020SOTest
10525009,QSTC16900014SOTest
10465007,TTDC16930021SOTest
10525010,TTDC16900016SOTest
10525011,QSTC16970022SOTest
10495010,TTDC16970023SOTest
10405003,QSTC16920021SOTest
10465008,TTDC16920022SOTest
10495011,QSTC16930024SOTest
10475006,TTDC16910012SOTest
10405004,QSTC16910013SOTest
10475007,TTDC16920023SOTest
10405005,QSTC16920024SOTest
10495012,TTDC16930026SOTest
10495013,QSTC16930027SOTest
10395010,TTDC16920025SOTest
10525012,QSTC16900021SOTest
10525012,QSTC16900021SOTest
10475008,TTDC16930029SOTest
10495014,QSTC16920026SOTest
10525013,TTDC16930031SOTest
10525014,TTDC16900024SOTest
10395011,QSTC16900025SOTest
10525014,TTDC16900024SOTest
10395011,QSTC16900025SOTest
10495015,TTDC16970029SOTest
10405006,QSTC16910015SOTest
10465009,TTDC16930035SOTest
10465010,QSTC16920028SOTest
10475010,TTDC16910017SOTest
10525015,QSTC16910018SOTest
10495016,TTDC16920030SOTest
10405007,QSTC16950021SOTest
10405008,TTDC16920031SOTest
10475011,QSTC16910019SOTest
10495017,TTDC16950023SOTest
10525016,QSTC16900032SOTest
10465011,TTDC16930033SOTest
10495018,QSTC16970028SOTest
10495019,TTDC16910020SOTest
10495018,QSTC16970028SOTest
10495020,TTDC16900035SOTest
10525017,TTDC16930040SOTest
10465012,QSTC16910022SOTest
10495021,TTDC16920032SOTest
10495021,TTDC16920032SOTest
10395012,QSTC16920033SOTest
10525018,TTDC16950028SOTest
10465013,QSTC16920034SOTest
10465014,TTDC16910024SOTest
10495022,QSTC16930044SOTest
10465015,TTDC16900036SOTest
10405009,QSTC16970033SOTest
10495023,TTDC16950030SOTest
11457354,ICP18378531SOTest
11381156,TTWC18398213SOTest
11410839,TTWC7991500SOTest
11420869,ICP18452074SOTest
11334085,ICP18418634SOTest
11314575,ICP18446339SOTest
null,null
null,null
null,null
null,null
null,null
null,null
null,null
null,null
11465000,ICP18480011SOTest
11465001,ICP18480012SOTest
11475000,ICP18480019SOTest
11485000,ICP18510001SOTest
11495000,ICP18530001SOTest
11505000,ICP18530002SOTest
11485001,ICP18500001SOTest
11465002,ICP18510002SOTest
11505001,ICP18480021SOTest
11475001,ICP18520001SOTest
11495001,ICP18530004SOTest
11485002,ICP18520002SOTest
11515000,ICP18500002SOTest
11505002,ICP18530005SOTest
11475002,ICP18500004SOTest
11515001,ICP18530006SOTest
11515002,ICP18520003SOTest
11475003,ICP18530008SOTest
11515003,ICP18500006SOTest
11485003,ICP18500008SOTest
11475004,ICP18530010SOTest
11485004,ICP18500009SOTest
11505003,ICP18530012SOTest
11495002,ICP18490006SOTest
11485005,ICP18500010SOTest
11515004,ICP18510007SOTest
11515005,ICP18510008SOTest
11475005,ICP18480023SOTest
11495003,ICP18510010SOTest
11515006,ICP18530013SOTest
11465003,ICP18510011SOTest
11475006,ICP18500013SOTest
11515007,ICP18480024SOTest
11485006,ICP18500014SOTest
11505004,ICP18530015SOTest
11505005,ICP18490009SOTest
11465004,ICP18530017SOTest
11485007,ICP18510013SOTest
11465005,ICP18490010SOTest
11465006,ICP18520009SOTest
11485008,ICP18490012SOTest
11515008,ICP18510014SOTest
11495004,ICP18520010SOTest
11495005,ICP18500016SOTest
11475007,ICP18510017SOTest
11505006,ICP18490014SOTest
11505007,ICP18510018SOTest
11515009,ICP18520011SOTest
11515010,ICP18530019SOTest
11485009,ICP18500017SOTest
11495006,ICP18500018SOTest
11515011,ICP18500019SOTest
11485010,ICP18490016SOTest
11485011,ICP18490017SOTest
11505008,ICP18480026SOTest
11465007,ICP18520015SOTest
11505009,ICP18510021SOTest
11515012,ICP18530021SOTest
11485012,ICP18490019SOTest
11485013,ICP18510023SOTest
11475008,ICP18510024SOTest
11515013,ICP18500021SOTest
11475009,ICP18490020SOTest
11485014,ICP18520018SOTest
11515014,ICP18510027SOTest
11495007,ICP18530023SOTest
11515015,ICP18480029SOTest
11485015,ICP18520021SOTest
11465008,ICP18510028SOTest
11505010,ICP18530024SOTest
11495008,ICP16930038SOTest
11505011,ICP18490021SOTest
11465009,ICP18490024SOTest
11515016,ICP18510030SOTest
11475010,ICP18510031SOTest
11495009,ICP18490026SOTest
11495010,ICP18490028SOTest
11465010,ICP18520023SOTest
11515017,ICP18490027SOTest
11505012,ICP18500024SOTest
11475011,ICP18530025SOTest
11495011,ICP18530026SOTest
11475012,ICP18520024SOTest
11485016,ICP18510034SOTest
11475012,ICP18520024SOTest
11505013,ICP18490029SOTest
null,null
11485017,ICP18520025SOTest
null,null
11465011,ICP18530028SOTest
11475013,ICP18520028SOTest
11515018,ICP18530029SOTest
11505014,ICP18510037SOTest
11475014,ICP18530032SOTest
11485018,ICP18530030SOTest
11465012,ICP18480039SOTest
11515019,ICP18530033SOTest
11495012,ICP18520030SOTest
11485019,ICP18500030SOTest
11515020,ICP18480041SOTest
11515021,ICP18500031SOTest
11485020,ICP18510039SOTest
11495013,ICP18530035SOTest
11515022,ICP18490033SOTest
11515023,ICP18490034SOTest
11505015,ICP18480042SOTest
11505016,ICP18510040SOTest
11465014,ICP18530044SOTest
11495017,ICP18480048SOTest
11505018,ICP18520034SOTest
11475016,ICP18510043SOTest
11495018,ICP18510044SOTest
11495019,ICP18490042SOTest
11515028,ICP18530045SOTest
11465015,ICP18520037SOTest
11515029,ICP18480049SOTest
11465016,ICP18490043SOTest
11485024,ICP18480050SOTest
11465017,ICP18500037SOTest
11505019,ICP18490044SOTest
11505020,ICP18500038SOTest
11515030,ICP18490045SOTest
11515031,ICP18510049SOTest
11515032,ICP18510050SOTest
11505021,ICP18530047SOTest
11495020,ICP18530046SOTest
11485025,ICP18490048SOTest
11475017,ICP18530048SOTest
11495021,ICP18500039SOTest
11485026,ICP18500040SOTest
11475018,ICP18520042SOTest
11485028,ICP18500042SOTest
11485027,ICP18490049SOTest
11485029,ICP18510054SOTest
11495022,ICP18500027SOTest
11475019,ICP18500044SOTest
11485030,ICP18500045SOTest
11515033,ICP18490030SOTest
11475020,ICP18490031SOTest
11495023,ICP18520043SOTest
11495024,ICP18530051SOTest
11515034,ICP18510056SOTest
11505022,ICP18520046SOTest
11505023,ICP18510057SOTest
11495025,ICP18490051SOTest
11515035,ICP18510058SOTest
11465018,ICP18520047SOTest
11495026,ICP18490052SOTest
11465019,ICP18500048SOTest
11495027,ICP18480057SOTest
11515036,ICP18480058SOTest
11515037,ICP18490053SOTest
11495028,ICP18480059SOTest
11505024,ICP18530056SOTest
11465020,ICP18520050SOTest
11515038,ICP18480060SOTest
11505025,ICP18500049SOTest
11475021,ICP18490035SOTest
11475022,ICP18500050SOTest
11495029,ICP18490054SOTest
11495030,ICP18480062SOTest
11515039,ICP18510061SOTest
11515040,ICP18490056SOTest
11475023,ICP18480064SOTest
11485031,ICP18490057SOTest
11465021,ICP18510062SOTest
11505026,ICP18520052SOTest
11515041,ICP18500054SOTest
11465022,ICP18500055SOTest
11505027,ICP18490059SOTest
11485032,ICP18530063SOTest
11495031,ICP18500056SOTest
11485033,ICP18510064SOTest
11505028,ICP18480065SOTest
11515042,ICP18510065SOTest
11505029,ICP18530066SOTest
11465023,ICP18490060SOTest
11495032,ICP18520056SOTest
11475024,ICP18490061SOTest
11505030,ICP18520058SOTest
11505031,ICP18480067SOTest
11515043,ICP18520059SOTest
11465024,ICP18500058SOTest
11515044,ICP18520060SOTest
11515045,ICP18480069SOTest
11475025,ICP18500060SOTest
11475026,ICP18500061SOTest
11515046,ICP18530068SOTest
11505032,ICP18500062SOTest
11475027,ICP18480071SOTest
11465025,ICP18520063SOTest
11495033,ICP18490063SOTest
11515047,ICP18530070SOTest
11505033,ICP18510070SOTest
11485034,ICP18510069SOTest
11485035,ICP18490065SOTest
11465026,ICP18530073SOTest
11505034,ICP18500064SOTest
11495034,ICP18490067SOTest
11465027,ICP18490068SOTest
11515048,ICP18490070SOTest
11475028,ICP18520066SOTest
11475029,ICP18490071SOTest
11475030,ICP18480074SOTest
11515049,ICP18480075SOTest
11495035,ICP18490073SOTest
11515050,ICP18500065SOTest
11505035,ICP18510072SOTest
11465028,ICP18500066SOTest
11485036,ICP18510073SOTest
11515051,ICP18480077SOTest
11495036,ICP18490075SOTest
11515052,ICP18510074SOTest
11485037,ICP18480078SOTest
11475031,ICP18510075SOTest
11515053,ICP18500067SOTest
11495037,ICP18520071SOTest
11505036,ICP18510076SOTest
11465029,ICP18480081SOTest
11515054,ICP18520072SOTest
11505037,ICP18510077SOTest
11515055,ICP18510078SOTest
11465030,ICP18510079SOTest
11475032,ICP18510080SOTest
11495038,ICP18480085SOTest
11495039,ICP18500071SOTest
11495040,ICP18480086SOTest
11485038,ICP18480087SOTest
11485039,ICP18500073SOTest
11505038,ICP18500074SOTest
11465031,ICP18510082SOTest
11515056,ICP18490078SOTest
11505039,ICP18510083SOTest
11515057,ICP18480089SOTest
11465032,ICP18530081SOTest
11515058,ICP18500077SOTest
11495041,ICP18490081SOTest
11465033,ICP18520075SOTest
11475033,ICP18480091SOTest
11515059,ICP18500078SOTest
11475034,ICP18520076SOTest
11515060,ICP18530083SOTest
11475035,ICP18520078SOTest
11485040,ICP18480093SOTest
11465034,ICP18510084SOTest
11515061,ICP18520080SOTest
11475036,ICP18520081SOTest
11515062,ICP18520083SOTest
11495042,ICP18490087SOTest
11505040,ICP18490086SOTest
11475037,ICP18490088SOTest
11485041,ICP18500079SOTest
11475038,ICP18480096SOTest
11505041,ICP18510085SOTest
11505042,ICP18500081SOTest
11485042,ICP18520085SOTest
11495043,ICP18480097SOTest
11515063,ICP18520086SOTest
11495044,ICP18520089SOTest
11465035,ICP18490090SOTest
11475039,ICP18510086SOTest
11515064,ICP18520091SOTest
11515065,ICP18510087SOTest
11475040,ICP18510088SOTest
11475041,ICP18510089SOTest
11485043,ICP18480100SOTest
11485044,ICP18530088SOTest
11485045,ICP18510091SOTest
11505043,ICP18530089SOTest
11515066,ICP18530090SOTest
11465036,ICP18510094SOTest
11465037,ICP18530091SOTest
11485046,ICP18530094SOTest
11485047,ICP18500084SOTest
11515067,ICP18530093SOTest
11475042,ICP18530095SOTest
11475043,ICP18530096SOTest
11505044,ICP18520094SOTest
11475044,ICP18520095SOTest
11465038,ICP18520096SOTest
11475045,ICP18480104SOTest
11465039,ICP18530097SOTest
11515068,ICP18500086SOTest
11495045,ICP18520098SOTest
11495046,ICP18510097SOTest
11495047,ICP18490096SOTest
11495048,ICP18530099SOTest
11485048,ICP18510101SOTest
11465040,ICP18510099SOTest
11505045,ICP18510102SOTest
11505046,ICP18490097SOTest
11495049,ICP18490098SOTest
11475046,ICP18500088SOTest
11475047,ICP18500087SOTest
11515069,ICP18500089SOTest
11465041,ICP18490099SOTest
11515070,ICP18500090SOTest
11465042,ICP18490100SOTest
11485049,ICP18510103SOTest
11515071,ICP18530105SOTest
11465043,ICP18500091SOTest
11485050,ICP18500092SOTest
11475048,ICP18520101SOTest
11485051,ICP18510104SOTest
11515072,ICP18530108SOTest
11515073,ICP18530109SOTest
11465044,ICP18480113SOTest
11515074,ICP18520102SOTest
11495050,ICP18510105SOTest
11465045,ICP18530110SOTest
11495051,ICP18530111SOTest
11495052,ICP18500096SOTest
11465046,ICP18520103SOTest
11505047,ICP18510108SOTest
11505048,ICP18520104SOTest
11505049,ICP18480116SOTest
11485052,ICP18520105SOTest
11475049,ICP18490104SOTest
11465047,ICP18520106SOTest
11485053,ICP18490105SOTest
11515075,ICP18490107SOTest
11485054,ICP18480120SOTest
11515076,ICP18520107SOTest
11515077,ICP18520108SOTest
11485055,ICP18480121SOTest
11505050,ICP18500099SOTest
11485056,ICP18530112SOTest
11485057,ICP18490111SOTest
11505051,ICP18500100SOTest
11515078,ICP18480125SOTest
11515079,ICP18480126SOTest
11465048,ICP18510111SOTest
11515080,ICP18490112SOTest
11495053,ICP18500101SOTest
11465049,ICP18480128SOTest
11475050,ICP18530116SOTest
11475051,ICP18530114SOTest
11465050,ICP18510112SOTest
11525000,ICP18550000SOTest
11535000,ICP18540001SOTest
11525001,ICP18580000SOTest
11525001,ICP18580000SOTest
11525002,ICP18600000SOTest
11555000,ICP18570001SOTest
11565000,ICP18550001SOTest
11575000,ICP18610000SOTest
11565003,ICP18560004SOTest
11555002,ICP18580002SOTest
11595002,ICP18570003SOTest
11585001,ICP18590004SOTest
11555003,ICP18570004SOTest
11595003,ICP18550002SOTest
11595004,ICP18620003SOTest
11565004,ICP18550006SOTest
11545001,ICP18560006SOTest
11525005,ICP18580004SOTest
11545002,ICP18620005SOTest
11525006,ICP18620004SOTest
11565005,ICP18620006SOTest
11575002,ICP18580005SOTest
11545003,ICP18600004SOTest
11525007,ICP18620008SOTest
11545004,ICP18540009SOTest
11535002,ICP18540010SOTest
11535003,ICP18550009SOTest
11555004,ICP18560010SOTest
11555005,ICP18550010SOTest
11595005,ICP18600006SOTest
11545005,ICP18590009SOTest
11605000,ICP18580006SOTest
11525008,ICP18570005SOTest
11545006,ICP18590010SOTest
11525009,ICP18620012SOTest
11545007,ICP18570006SOTest
11575003,ICP18580008SOTest
11555006,ICP18580009SOTest
11595006,ICP18540014SOTest
11585002,ICP18570008SOTest
11535004,ICP18560011SOTest
11585003,ICP18590013SOTest
11575004,ICP18600008SOTest
11565006,ICP18610008SOTest
11575005,ICP18560012SOTest
11565007,ICP18590016SOTest
11605001,ICP18600009SOTest
11525010,ICP18580011SOTest
11525011,ICP18610010SOTest
11525012,ICP18600010SOTest
11575006,ICP18590006SOTest
11575007,ICP18610012SOTest
11535005,ICP18590019SOTest
11555007,ICP18560014SOTest
11585004,ICP18590021SOTest
11535006,ICP18550013SOTest
11535007,ICP18590022SOTest
11555008,ICP18600011SOTest
11565008,ICP18540017SOTest
11545008,ICP18610014SOTest
11585005,ICP18560017SOTest
11575008,ICP18550015SOTest
11605002,ICP18610015SOTest
11555009,ICP18620015SOTest
11595007,ICP18560019SOTest
11525013,ICP18560020SOTest
11545009,ICP18550017SOTest
11585006,ICP18540019SOTest
11525014,ICP18550018SOTest
11605003,ICP18560022SOTest
11535008,ICP18620016SOTest
11535009,ICP18580015SOTest
11555010,ICP18560024SOTest
11565009,ICP18550019SOTest
11595008,ICP18580016SOTest
11565010,ICP18610017SOTest
11605004,ICP18550020SOTest
11595008,ICP18580016SOTest
11555011,ICP18570014SOTest
11525016,ICP18560026SOTest
11595009,ICP18580017SOTest
11535010,ICP18610022SOTest
11555012,ICP18580018SOTest
11565011,ICP18620019SOTest
11555013,ICP18540021SOTest
11575009,ICP18540022SOTest
11525017,ICP18570016SOTest
11575010,ICP18590026SOTest
11595010,ICP18550024SOTest
11545010,ICP18560028SOTest
11585007,ICP18580021SOTest
11525018,ICP18580020SOTest
11605005,ICP18570018SOTest
11605006,ICP18590027SOTest
11535011,ICP18580024SOTest
11555014,ICP18580023SOTest
11565012,ICP18590029SOTest
11595011,ICP18620021SOTest
11605007,ICP18550026SOTest
11545011,ICP18600015SOTest
11545012,ICP18580025SOTest
11535012,ICP18540024SOTest
11535013,ICP18600017SOTest
11535014,ICP18550027SOTest
11595012,ICP18540025SOTest
11565013,ICP18600018SOTest
11545013,ICP18610026SOTest
11605008,ICP18570021SOTest
11565013,ICP18600018SOTest
11535016,ICP18570022SOTest
11575011,ICP18570023SOTest
11535017,ICP18590032SOTest
11535018,ICP18580027SOTest
11565014,ICP18600020SOTest
11605009,ICP18560033SOTest
11535019,ICP18590033SOTest
11565015,ICP18560034SOTest
11595013,ICP18600021SOTest
11555016,ICP18590031SOTest
11555015,ICP18610028SOTest
11585008,ICP18580028SOTest
11585009,ICP18570024SOTest
11605010,ICP18620023SOTest
11555017,ICP18550028SOTest
11605011,ICP18590034SOTest
11575012,ICP18550029SOTest
11595015,ICP18560035SOTest
11595014,ICP18620022SOTest
11535020,ICP18540027SOTest
11525019,ICP18600022SOTest
11565016,ICP18550030SOTest
11575013,ICP18570025SOTest
11555018,ICP18600024SOTest
11535021,ICP18560036SOTest
11605012,ICP18610029SOTest
11595016,ICP18580029SOTest
11585010,ICP18610030SOTest
11525020,ICP18600023SOTest
11585011,ICP18620024SOTest
11525021,ICP18590035SOTest
11585012,ICP18580030SOTest
11585013,ICP18540028SOTest
11565017,ICP18600025SOTest
11595017,ICP18590036SOTest
11605013,ICP18550031SOTest
11585014,ICP18550032SOTest
11565018,ICP18560038SOTest
11545014,ICP18610031SOTest
11595018,ICP18620025SOTest
11525022,ICP18560037SOTest
12440552,QSTC20052801SOTest
12448166,QSTC20063931SOTest
12487865,QSTC20101972SOTest
12487964,QSTC20083702SOTest
12458300,QSTC19986698SOTest
12498097,QSTC20103635SOTest
12498115,QSTC20025329SOTest
12537764,QSTC20054628SOTest
12498181,QSTC16930038SOTest
12567608,QSTC20006362SOTest
12468390,QSTC20025493SOTest
12547847,QSTC20015906SOTest
12478374,QSTC19977296SOTest
12567724,QSTC19977348SOTest
12478449,QSTC20045443SOTest
12488305,QSTC19977420SOTest
12458669,QSTC20035783SOTest
12458699,QSTC20084240SOTest
12862352,QSTC20429673SOTest
12862352,QSTC20429673SOTest
13742127,QSTC20467550SOTest
13826830,QSTC21848571SOTest
14025001,QSTC22000008SOTest
13995002,QSTC21961128SOTest
14015003,QSTC22060013SOTest
13965011,QSTC21912781SOTest
13865009,QSTC22060017SOTest
13975006,QSTC22030009SOTest
16305055,QSTC22010011SOTest
16205068,TTWC25280161SOTest
16305055,QSTC22010011SOTest
16245060,TTWC25260168SOTest
16235064,QSTC25260169SOTest
16165065,QSTC25350141SOTest
16335231,TTDC25350615SOTest
16315266,TTDC25390695SOTest
16265237,TTDC16910023SOTest
16315267,TTDC25350616SOTest
16165240,TTDC25240638SOTest
16265251,TTDC25340703SOTest
16295259,TTDC25360717SOTest
16255251,TTDC25310717SOTest
16295261,TTDC25360719SOTest
16225259,TTDC25410721SOTest
16215273,TTDC25270758SOTest
16195230,TTDC25250696SOTest
16335262,TTDC25270760SOTest
16305307,TTDC25270762SOTest
16205298,TTDC25260772SOTest
16205301,TTDC25340674SOTest
16275290,TTDC25260773SOTest
40505002,GPMC68260004SOTest
40495005,GPMC68240009SOTest
null,null
42045000,ICP71010000SOTest
42055000,ICP71020000SOTest
42065000,ICP71010001SOTest
42075000,ICP25370159SOTest
42045001,ICP71060000SOTest
42018771,TTDC70959613SOTest
42085000,ICP71050002SOTest
42095000,ICP71050003SOTest
null,null
null,null
null,null
null,null
null,null
null,null
44549390,GPMC75595767SOTest
44578738,GPMC75681292SOTest
44569040,GPMC75700760SOTest
44529633,GPMC75548820SOTest
44460697,GPMC75587735SOTest
44440935,GPMC75615535SOTest
44431224,GPMC75615536SOTest
44559174,GPMC75578152SOTest
44539443,GPMC75605714SOTest
44450979,GPMC75634697SOTest
44519633,GPMC75587740SOTest
44421521,GPMC75615540SOTest
44675002,GPMC75770002SOTest
44655001,GPMC75710004SOTest
44605002,GPMC75710007SOTest
44605003,GPMC75730004SOTest
44705001,GPMC75870002SOTest
44705002,GPMC75850001SOTest
44645001,GPMC75730005SOTest
A2700000,ICPA117970000SOTest
A2710000,ICPA117970001SOTest
B200000,ICPB117960002SOTest
B200001,ICPB117960004SOTest
B200001,ICPB117960004SOTest
B200001,ICPB117960004SOTest
B200001,ICPB117960004SOTest
B200001,ICPB117960004SOTest
B200001,ICPB117960004SOTest
B200001,ICPB117960004SOTest
B200001,ICPB117960004SOTest
B200001,ICPB117960004SOTest
C200000,ICPC117960001SOTest
C200000,ICPC117960001SOTest
C200000,ICPC117960001SOTest
C200000,ICPC117960001SOTest
C200000,ICPC117960001SOTest
C200000,ICPC117960001SOTest
C200001,ICPC117960007SOTest
C200002,ICPC117960008SOTest
C200003,ICPC117960009SOTest
C200004,ICPC117960010SOTest
C200005,ICPC117960011SOTest
C200006,ICPC117960012SOTest
null,null
C200008,ICPC117960014SOTest
C200009,ICPC117960015SOTest
C200010,ICPC117960016SOTest
C200011,ICPC117960017SOTest
C200012,ICPC117960018SOTest
C200013,ICPC117960019SOTest
C200014,ICPC117960020SOTest
C200015,ICPC117960021SOTest
C200016,ICPC117960022SOTest
B200002,ICPB117960013SOTest
B200003,ICPB117960014SOTest
B200004,ICPB117960015SOTest
B200005,ICPB117960016SOTest
B200006,ICPB117960017SOTest
B200007,ICPB117960018SOTest
null,null
null,null
null,null
null,null
null,null
null,null
null,null
null,null
null,null
null,null
B210000,ICPB117970000SOTest
B210001,ICPB117970001SOTest
C210000,ICPC117970002SOTest
C210001,ICPC117970003SOTest
CC20990,GPMCCC20990SOTest
CC20997,TTDCCC20997SOTest
CC21000,GPMCCC21000SOTest
CC21004,GPMCCC21004SOTest
CC21005,TTDCCC21005SOTest
CC21006,TTDCCC21006SOTest
CC21007,TTDCCC21007SOTest
CC21008,TTDCCC21008SOTest
CC21010,QSTCCC21010SOTest
CC21011,QSTCCC21011SOTest
C220002,GPMCC125070000SOTest
B240000,GPMCB125060000SOTest
C250000,GPMCC125050003SOTest
C250001,GPMCC125030001SOTest
B240004,GPMCB125030004SOTest
B250001,GPMCB125030005SOTest
C210002,GPMCC125110002SOTest
C200002,GPMCC125080003SOTest
C210003,GPMCC125030004SOTest
B210004,GPMCB125060002SOTest
C260000,GPMCC125060003SOTest
C250003,GPMCC125060004SOTest
B210005,GPMCB125030008SOTest
B260001,GPMCB125050006SOTest
C250004,GPMCC125030005SOTest
C270000,GPMCC125080004SOTest
C230004,GPMCC125050005SOTest
C260001,GPMCC125100002SOTest
C280000,GPMCC125100003SOTest
B230004,GPMCB125100003SOTest
B270003,GPMCB125090002SOTest
B230005,GPMCB125070004SOTest
B270004,GPMCB125050007SOTest
B210006,GPMCB125090003SOTest
C240004,GPMCC125060005SOTest
B270005,GPMCB125100005SOTest
C260002,GPMCC125090001SOTest
B210008,GPMCB125040003SOTest
B270006,GPMCB125050009SOTest
C250006,GPMCC125060006SOTest
C240005,GPMCC125060007SOTest
B200004,GPMCB125060005SOTest
B200005,GPMCB125040004SOTest
C210005,GPMCC125070004SOTest
C260004,GPMCC125090003SOTest
B260004,GPMCB125080002SOTest
C280003,GPMCC125030006SOTest
C200003,GPMCC125060008SOTest
C280004,GPMCC125100005SOTest
B240005,GPMCB125070005SOTest
B260006,GPMCB125050010SOTest
B220004,GPMCB125110000SOTest
B210010,GPMCB125110001SOTest
B220005,GPMCB125100006SOTest
C280005,GPMCC125050007SOTest
C280006,GPMCC125080005SOTest
C240009,GPMCC125030007SOTest
B210011,GPMCB125100007SOTest
C270003,GPMCC125080006SOTest
B200006,GPMCB125100008SOTest
B250004,GPMCB125080004SOTest
B260007,GPMCB125050011SOTest
C220005,GPMCC125110004SOTest
B210012,GPMCB125060007SOTest
B270007,GPMCB125060006SOTest
C280007,GPMCC125070008SOTest
C240011,GPMCC125100007SOTest
C200004,GPMCC125070009SOTest
C210006,GPMCC125110005SOTest
B210014,GPMCB125030013SOTest
B260008,GPMCB125070006SOTest
C210007,GPMCC125070010SOTest
C230006,GPMCC125100008SOTest
C270005,GPMCC125100009SOTest
C220007,GPMCC125060010SOTest
C280009,GPMCC125100010SOTest
B210015,GPMCB125030014SOTest
C230007,GPMCC125060011SOTest
B220008,GPMCB125070009SOTest
B250006,GPMCB125040007SOTest
C250008,GPMCC125050009SOTest
B230007,GPMCB125110005SOTest
C230008,GPMCC125080009SOTest
B210016,GPMCB125060008SOTest
B240008,GPMCB125040008SOTest
C220010,GPMCC125060012SOTest
B260010,GPMCB125080006SOTest
B280004,GPMCB125070012SOTest
C250009,GPMCC125050011SOTest
C200007,GPMCC125100012SOTest
B270011,GPMCB125030015SOTest
C200008,GPMCC125110006SOTest
C250010,GPMCC125090007SOTest
B230008,GPMCB125070013SOTest
B240009,GPMCB125060010SOTest
C280010,GPMCC125070012SOTest
B270012,GPMCB125090006SOTest
B280006,GPMCB125080007SOTest
C220011,GPMCC125040006SOTest
B200008,GPMCB125030016SOTest
B260011,GPMCB125080008SOTest
C200010,GPMCC125070014SOTest
B250008,GPMCB125070014SOTest
C270007,GPMCC125040008SOTest
C200011,GPMCC125060013SOTest
C220013,GPMCC125100014SOTest
B220010,GPMCB125100014SOTest
C250011,GPMCC125090008SOTest
B250010,GPMCB125060012SOTest
C260009,GPMCC125040009SOTest
B270013,GPMCB125030017SOTest
C270010,GPMCC125100015SOTest
C250013,GPMCC125110011SOTest
C200012,GPMCC125080011SOTest
B280009,GPMCB125060013SOTest
B260012,GPMCB125040011SOTest
B270014,GPMCB125100015SOTest
B260013,GPMCB125040013SOTest
C220014,GPMCC125110012SOTest
B250011,GPMCB125050014SOTest
C240012,GPMCC125060015SOTest
B260014,GPMCB125070016SOTest
C260010,GPMCC125090009SOTest
B200010,GPMCB125070017SOTest
C270012,GPMCC125090010SOTest
B240012,GPMCB125070018SOTest
C230010,GPMCC125090011SOTest
B220013,GPMCB125110007SOTest
C200015,GPMCC125070017SOTest
B230010,GPMCB125090008SOTest
B250012,GPMCB125040014SOTest
C220016,GPMCC125100016SOTest
B270016,GPMCB125110008SOTest
B240013,GPMCB125100016SOTest
C230013,GPMCC125080013SOTest
B250013,GPMCB125060017SOTest
B280010,GPMCB125030018SOTest
B240014,GPMCB125070021SOTest
B200011,GPMCB125090009SOTest
B240015,GPMCB125060018SOTest
B210020,GPMCB125030019SOTest
C270013,GPMCC125060019SOTest
B220014,GPMCB125110009SOTest
B250014,GPMCB125030020SOTest
C250016,GPMCC125100018SOTest
B250015,GPMCB125110010SOTest
C260014,GPMCC125100019SOTest
C270014,GPMCC125050016SOTest
B220015,GPMCB125070023SOTest
B230011,GPMCB125100017SOTest
C280013,GPMCC125090013SOTest
C280014,GPMCC125030011SOTest
B280012,GPMCB125030021SOTest
C220018,GPMCC125030012SOTest
C260015,GPMCC125040011SOTest
B210023,GPMCB125090011SOTest
C210011,GPMCC125090014SOTest
C250018,GPMCC125030013SOTest
B220017,GPMCB125040016SOTest
B270017,GPMCB125070024SOTest
B200013,GPMCB125080009SOTest
C240015,GPMCC125050017SOTest
C230015,GPMCC125060020SOTest
B280013,GPMCB125100019SOTest
C270016,GPMCC125100022SOTest
B280014,GPMCB125030024SOTest
C230017,GPMCC125090016SOTest
C230018,GPMCC125030014SOTest
B200015,GPMCB125030026SOTest
B220018,GPMCB125060020SOTest
B210025,GPMCB125110012SOTest
C270017,GPMCC125060021SOTest
B260020,GPMCB125090012SOTest
C240017,GPMCC125030016SOTest
B250018,GPMCB125100020SOTest
C220019,GPMCC125050018SOTest
B220019,GPMCB125110014SOTest
B200016,GPMCB125030027SOTest
C240018,GPMCC125030017SOTest
C240019,GPMCC125070019SOTest
B220020,GPMCB125070026SOTest
B270018,GPMCB125030028SOTest
B230012,GPMCB125060021SOTest
C230019,GPMCC125050020SOTest
B260022,GPMCB125100021SOTest
C220020,GPMCC125040015SOTest
B210027,GPMCB125070027SOTest
B200017,GPMCB125040019SOTest
C230020,GPMCC125090017SOTest
C260020,GPMCC125070020SOTest
B270019,GPMCB125100023SOTest
C200017,GPMCC125080018SOTest
C280019,GPMCC125090018SOTest
C270019,GPMCC125100024SOTest
B240018,GPMCB125060022SOTest
B270020,GPMCB125090014SOTest
C230022,GPMCC125080020SOTest
B210028,GPMCB125050018SOTest
C220021,GPMCC125060023SOTest
C210014,GPMCC125090019SOTest
B260025,GPMCB125090015SOTest
C230023,GPMCC125090020SOTest
B280017,GPMCB125070028SOTest
C250021,GPMCC125030020SOTest
C280020,GPMCC125100025SOTest
C200019,GPMCC125090021SOTest
B280018,GPMCB125080013SOTest
C280021,GPMCC125080021SOTest
C240021,GPMCC125090022SOTest
C240022,GPMCC125060024SOTest
C220022,GPMCC125080022SOTest
C270020,GPMCC125050023SOTest
C280022,GPMCC125080023SOTest
B220023,GPMCB125090017SOTest
B230015,GPMCB125080014SOTest
B250022,GPMCB125100026SOTest
C230026,GPMCC125050026SOTest
B280019,GPMCB125040021SOTest
C260022,GPMCC125080024SOTest
B240020,GPMCB125050020SOTest
C240023,GPMCC125110020SOTest
C280023,GPMCC125080025SOTest
C220024,GPMCC125040016SOTest
C270021,GPMCC125080026SOTest
B250024,GPMCB125100027SOTest
B240021,GPMCB125110016SOTest
C270022,GPMCC125060025SOTest
C210015,GPMCC125110021SOTest
B220024,GPMCB125080017SOTest
B260029,GPMCB125050021SOTest
B220025,GPMCB125030035SOTest
C280024,GPMCC125060027SOTest
B240022,GPMCB125080018SOTest
C220025,GPMCC125100028SOTest
C240024,GPMCC125110022SOTest
B250025,GPMCB125030036SOTest
B200020,GPMCB125060026SOTest
C270023,GPMCC125070021SOTest
B230016,GPMCB125030037SOTest
C200022,GPMCC125070022SOTest
B230017,GPMCB125060027SOTest
C280026,GPMCC125040017SOTest
B240023,GPMCB125030038SOTest
B240024,GPMCB125110019SOTest
B250026,GPMCB125080020SOTest
B200021,GPMCB125040023SOTest
C260025,GPMCC125110024SOTest
C270024,GPMCC125100031SOTest
C200023,GPMCC125090024SOTest
B200022,GPMCB125030040SOTest
C280027,GPMCC125070026SOTest
B200024,GPMCB125030041SOTest
C210017,GPMCC125080029SOTest
B280022,GPMCB125040022SOTest
B220026,GPMCB125070032SOTest
C230031,GPMCC125090025SOTest
C230030,GPMCC125050028SOTest
B250028,GPMCB125050023SOTest
B250027,GPMCB125110021SOTest
C280028,GPMCC125050029SOTest
B230020,GPMCB125040024SOTest
C230032,GPMCC125080030SOTest
C270025,GPMCC125070027SOTest
C250025,GPMCC125090026SOTest
B220027,GPMCB125050024SOTest
C210019,GPMCC125040018SOTest
C280029,GPMCC125050030SOTest
B230021,GPMCB125100029SOTest
C260026,GPMCC125090027SOTest
B220028,GPMCB125030042SOTest
B230022,GPMCB125100030SOTest
C280030,GPMCC125100032SOTest
C220028,GPMCC125110025SOTest
B280026,GPMCB125070034SOTest
B280027,GPMCB125080021SOTest
C250027,GPMCC125040019SOTest
C230033,GPMCC125050032SOTest
B200026,GPMCB125050026SOTest
B280028,GPMCB125100031SOTest
C200024,GPMCC125110027SOTest
C260028,GPMCC125110026SOTest
B200027,GPMCB125110023SOTest
C240026,GPMCC125070028SOTest
B270026,GPMCB125090019SOTest
C270026,GPMCC125080031SOTest
C230034,GPMCC125040020SOTest
C250028,GPMCC125100033SOTest
B250031,GPMCB125110024SOTest
C250029,GPMCC125080032SOTest
C230035,GPMCC125070029SOTest
B210034,GPMCB125100033SOTest
B260030,GPMCB125090020SOTest
C210021,GPMCC125060033SOTest
B220030,GPMCB125090021SOTest
C250030,GPMCC125040021SOTest
C260029,GPMCC125050034SOTest
B270028,GPMCB125100034SOTest
B210035,GPMCB125110025SOTest
C270028,GPMCC125080033SOTest
B220031,GPMCB125080024SOTest
C280031,GPMCC125030023SOTest
B230024,GPMCB125030044SOTest
C240027,GPMCC125040022SOTest
B230025,GPMCB125050028SOTest
C210022,GPMCC125080034SOTest
C230038,GPMCC125050035SOTest
B260032,GPMCB125030045SOTest
B240025,GPMCB125050029SOTest
B210036,GPMCB125060030SOTest
C250031,GPMCC125100034SOTest
C200025,GPMCC125050036SOTest
C280032,GPMCC125040025SOTest
B280029,GPMCB125070037SOTest
B200028,GPMCB125030047SOTest
B230026,GPMCB125110026SOTest
C230040,GPMCC125060034SOTest
B270030,GPMCB125040026SOTest
C260031,GPMCC125040026SOTest
C270030,GPMCC125080035SOTest
B250033,GPMCB125070038SOTest
B250034,GPMCB125110027SOTest
C200026,GPMCC125080036SOTest
B270031,GPMCB125040027SOTest
C220029,GPMCC125050037SOTest
B210037,GPMCB125070039SOTest
B230027,GPMCB125090022SOTest
B270032,GPMCB125080025SOTest
C250032,GPMCC125090028SOTest
C280034,GPMCC125090029SOTest
B220033,GPMCB125080026SOTest
B270033,GPMCB125070040SOTest
C250033,GPMCC125040027SOTest
C210023,GPMCC125030025SOTest
B210038,GPMCB125070041SOTest
B230028,GPMCB125100035SOTest
C240028,GPMCC125100036SOTest
C280035,GPMCC125030026SOTest
C200028,GPMCC125030027SOTest
B210039,GPMCB125080028SOTest
B250035,GPMCB125090023SOTest
B280031,GPMCB125050031SOTest
B230029,GPMCB125100036SOTest
C230042,GPMCC125110030SOTest
B210040,GPMCB125090024SOTest
B250036,GPMCB125100037SOTest
B220034,GPMCB125100038SOTest
C260032,GPMCC125040029SOTest
B220035,GPMCB125090025SOTest
B250037,GPMCB125030049SOTest
C280036,GPMCC125080038SOTest
B230030,GPMCB125060031SOTest
C240029,GPMCC125110031SOTest
C220033,GPMCC125030029SOTest
C250034,GPMCC125090032SOTest
B210041,GPMCB125080029SOTest
C270031,GPMCC125050038SOTest
C250035,GPMCC125090033SOTest
B240028,GPMCB125100039SOTest
C230044,GPMCC125090034SOTest
B270036,GPMCB125050033SOTest
B270035,GPMCB125040028SOTest
C220034,GPMCC125100037SOTest
B220036,GPMCB125050034SOTest
C270032,GPMCC125060035SOTest
C210024,GPMCC125090035SOTest
B250038,GPMCB125050035SOTest
C280037,GPMCC125110033SOTest
B200030,GPMCB125030050SOTest
B210043,GPMCB125080030SOTest
B260035,GPMCB125070043SOTest
C280038,GPMCC125070034SOTest
C230046,GPMCC125060036SOTest
B270037,GPMCB125070044SOTest
B210044,GPMCB125050036SOTest
C280039,GPMCC125070035SOTest
C280040,GPMCC125110034SOTest
B200031,GPMCB125070045SOTest
B260036,GPMCB125100040SOTest
B210045,GPMCB125090026SOTest
C220036,GPMCC125030031SOTest
C260034,GPMCC125060037SOTest
B230031,GPMCB125050037SOTest
B210046,GPMCB125100041SOTest
C220037,GPMCC125110036SOTest
C260035,GPMCC125040031SOTest
C270034,GPMCC125080039SOTest
B250039,GPMCB125090027SOTest
B240032,GPMCB125050038SOTest
C210025,GPMCC125110037SOTest
C240032,GPMCC125080040SOTest
C270035,GPMCC125050040SOTest
B210047,GPMCB125050039SOTest
B270038,GPMCB125030051SOTest
C250036,GPMCC125050041SOTest
C210026,GPMCC125100038SOTest
B230032,GPMCB125090029SOTest
B260038,GPMCB125080033SOTest
C240033,GPMCC125050042SOTest
B240034,GPMCB125030052SOTest
C250037,GPMCC125050043SOTest
B230033,GPMCB125080034SOTest
C240035,GPMCC125110038SOTest
B210048,GPMCB125040029SOTest
C240036,GPMCC125050044SOTest
B260039,GPMCB125040030SOTest
B240035,GPMCB125080035SOTest
B230034,GPMCB125050041SOTest
C210027,GPMCC125090037SOTest
B200032,GPMCB125050042SOTest
C220038,GPMCC125050045SOTest
B250041,GPMCB125060034SOTest
B230036,GPMCB125050043SOTest
C270036,GPMCC125100040SOTest
C210028,GPMCC125050046SOTest
C260036,GPMCC125030034SOTest
B220038,GPMCB125100042SOTest
C230048,GPMCC125050047SOTest
B280033,GPMCB125110031SOTest
C280041,GPMCC125030035SOTest
C230049,GPMCC125050048SOTest
B230037,GPMCB125110032SOTest
B210049,GPMCB125050044SOTest
C240037,GPMCC125060041SOTest
B240037,GPMCB125050045SOTest
C280042,GPMCC125070037SOTest
C200035,GPMCC125050050SOTest
B260040,GPMCB125100043SOTest
B230040,GPMCB125080036SOTest
C270038,GPMCC125060042SOTest
B270039,GPMCB125110033SOTest
C200036,GPMCC125110039SOTest
B240038,GPMCB125110034SOTest
C230051,GPMCC125030036SOTest
C220040,GPMCC125030037SOTest
B280034,GPMCB125090031SOTest
B270040,GPMCB125050046SOTest
B270041,GPMCB125110036SOTest
C270039,GPMCC125070038SOTest
C200037,GPMCC125040033SOTest
B250042,GPMCB125050047SOTest
B280035,GPMCB125110037SOTest
C280044,GPMCC125040034SOTest
B270042,GPMCB125070048SOTest
B280036,GPMCB125100044SOTest
C280045,GPMCC125080042SOTest
C220041,GPMCC125040035SOTest
C200039,GPMCC125060043SOTest
B210050,GPMCB125050048SOTest
B260041,GPMCB125110038SOTest
B280037,GPMCB125070049SOTest
C220042,GPMCC125050051SOTest
B200034,GPMCB125070050SOTest
C230052,GPMCC125050052SOTest
B270043,GPMCB125050049SOTest
C200040,GPMCC125110040SOTest
B270045,GPMCB125070051SOTest
B250043,GPMCB125090033SOTest
C260040,GPMCC125080044SOTest
B230041,GPMCB125100045SOTest
C200041,GPMCC125100042SOTest
C270040,GPMCC125040037SOTest
B270046,GPMCB125100046SOTest
B260043,GPMCB125050050SOTest
B240039,GPMCB125040033SOTest
B220040,GPMCB125090034SOTest
C210030,GPMCC125040038SOTest
C210031,GPMCC125070040SOTest
B260044,GPMCB125070052SOTest
C210032,GPMCC125050053SOTest
B230042,GPMCB125110039SOTest
B200035,GPMCB125030055SOTest
C270043,GPMCC125070041SOTest
B200036,GPMCB125030056SOTest
C260041,GPMCC125060045SOTest
C210033,GPMCC125070042SOTest
C280046,GPMCC125050054SOTest
B280038,GPMCB125090035SOTest
B260045,GPMCB125050051SOTest
C210035,GPMCC125080045SOTest
C260042,GPMCC125050055SOTest
B280039,GPMCB125060038SOTest
B220041,GPMCB125030057SOTest
B240041,GPMCB125080037SOTest
C270044,GPMCC125040039SOTest
C230053,GPMCC125090038SOTest
B280040,GPMCB125110041SOTest
B250044,GPMCB125050052SOTest
C230054,GPMCC125030042SOTest
C260043,GPMCC125080046SOTest
C210036,GPMCC125100045SOTest
B200037,GPMCB125110042SOTest
B280042,GPMCB125080039SOTest
B220042,GPMCB125050053SOTest
C250038,GPMCC125030043SOTest
C230055,GPMCC125090040SOTest
B280043,GPMCB125080040SOTest
B240043,GPMCB125070053SOTest
C200042,GPMCC125050056SOTest
B240044,GPMCB125050054SOTest
C220046,GPMCC125110043SOTest
B220043,GPMCB125110043SOTest
C240040,GPMCC125040040SOTest
B210052,GPMCB125050055SOTest
B200039,GPMCB125040035SOTest
C270045,GPMCC125080048SOTest
B220044,GPMCB125070054SOTest
C220048,GPMCC125100046SOTest
C210039,GPMCC125090041SOTest
B220045,GPMCB125030060SOTest
B270048,GPMCB125080041SOTest
B260046,GPMCB125060039SOTest
C220049,GPMCC125080049SOTest
C210040,GPMCC125090042SOTest
B230044,GPMCB125090036SOTest
C270046,GPMCC125060047SOTest
C270047,GPMCC125040042SOTest
B210055,GPMCB125100048SOTest
C280048,GPMCC125060048SOTest
B230045,GPMCB125040036SOTest
C240041,GPMCC125040043SOTest
B210056,GPMCB125090037SOTest
B250046,GPMCB125030062SOTest
C230057,GPMCC125080050SOTest
B270049,GPMCB125080043SOTest
C280049,GPMCC125110045SOTest
C220050,GPMCC125110046SOTest
B270050,GPMCB125090039SOTest
C280050,GPMCC125040045SOTest
B220046,GPMCB125110044SOTest
C240042,GPMCC125100047SOTest
B250047,GPMCB125110046SOTest
C210041,GPMCC125040046SOTest
B260048,GPMCB125110045SOTest
B210057,GPMCB125070056SOTest
C200044,GPMCC125090044SOTest
B220047,GPMCB125040037SOTest
B260049,GPMCB125080044SOTest
B200040,GPMCB125100049SOTest
C260044,GPMCC125090045SOTest
B200041,GPMCB125090041SOTest
C250042,GPMCC125070045SOTest
B280045,GPMCB125100050SOTest
B240045,GPMCB125060040SOTest
B280046,GPMCB125070057SOTest
B220048,GPMCB125050057SOTest
C210044,GPMCC125110047SOTest
B240046,GPMCB125050056SOTest
C200045,GPMCC125040049SOTest
B280047,GPMCB125100051SOTest
C250043,GPMCC125110048SOTest
C240043,GPMCC125030044SOTest
C220051,GPMCC125050058SOTest
B240047,GPMCB125100052SOTest
C230059,GPMCC125090046SOTest
C210045,GPMCC125080052SOTest
B270052,GPMCB125060041SOTest
B280048,GPMCB125040038SOTest
B270053,GPMCB125030063SOTest
C220052,GPMCC125040050SOTest
C280052,GPMCC125070046SOTest
B240048,GPMCB125050058SOTest
B280049,GPMCB125080046SOTest
B280050,GPMCB125080047SOTest
B220049,GPMCB125070058SOTest
B250049,GPMCB125060043SOTest
C240046,GPMCC125030046SOTest
B200042,GPMCB125100053SOTest
C230060,GPMCC125040052SOTest
C240047,GPMCC125100050SOTest
B260051,GPMCB125060044SOTest
B210059,GPMCB125100054SOTest
C270051,GPMCC125040053SOTest
B240049,GPMCB125110049SOTest
B230047,GPMCB125080048SOTest
B230048,GPMCB125050059SOTest
B230049,GPMCB125060045SOTest
C250044,GPMCC125050061SOTest
C240048,GPMCC125040054SOTest
B250050,GPMCB125080049SOTest
B270054,GPMCB125060046SOTest
B220050,GPMCB125100055SOTest
C260047,GPMCC125030047SOTest
C230061,GPMCC125050062SOTest
C230062,GPMCC125070048SOTest
C200048,GPMCC125060050SOTest
B240050,GPMCB125070059SOTest
C240049,GPMCC125080054SOTest
C270052,GPMCC125040055SOTest
C250046,GPMCC125080055SOTest
B230051,GPMCB125030065SOTest
B210061,GPMCB125080050SOTest
B220051,GPMCB125090043SOTest
C240050,GPMCC125110050SOTest
C280054,GPMCC125080056SOTest
B260053,GPMCB125090044SOTest
C260048,GPMCC125030048SOTest
B220052,GPMCB125110051SOTest
C220054,GPMCC125070049SOTest
C270053,GPMCC125110051SOTest
B240051,GPMCB125050061SOTest
B260054,GPMCB125110052SOTest
C220055,GPMCC125070051SOTest
B240052,GPMCB125080051SOTest
B230052,GPMCB125030066SOTest
C280055,GPMCC125090049SOTest
C200049,GPMCC125040056SOTest
C280056,GPMCC125090050SOTest
B280052,GPMCB125080052SOTest
B200044,GPMCB125100056SOTest
B280053,GPMCB125060048SOTest
C240051,GPMCC125030049SOTest
C220056,GPMCC125080058SOTest
C220057,GPMCC125070053SOTest
C220058,GPMCC125070052SOTest
C240053,GPMCC125090051SOTest
C250048,GPMCC125060051SOTest
B260056,GPMCB125040041SOTest
B240053,GPMCB125030067SOTest
B230053,GPMCB125050062SOTest
C260049,GPMCC125090052SOTest
B200046,GPMCB125030068SOTest
B230054,GPMCB125080053SOTest
B250052,GPMCB125060049SOTest
C270054,GPMCC125040057SOTest
C250050,GPMCC125030051SOTest
C280057,GPMCC125110053SOTest
C270055,GPMCC125080059SOTest
B220054,GPMCB125110058SOTest
C260050,GPMCC125060052SOTest
C210047,GPMCC125070054SOTest
B240054,GPMCB125110057SOTest
C230064,GPMCC125040058SOTest
B250054,GPMCB125070060SOTest
C240055,GPMCC125080060SOTest
B250055,GPMCB125040042SOTest
B210063,GPMCB125050064SOTest
B230055,GPMCB125080055SOTest
C200050,GPMCC125100052SOTest
B220055,GPMCB125050065SOTest
C260051,GPMCC125100053SOTest
B280055,GPMCB125090046SOTest
C270056,GPMCC125030053SOTest
B210064,GPMCB125060050SOTest
B220056,GPMCB125080056SOTest
C230066,GPMCC125080061SOTest
B260057,GPMCB125070062SOTest
B250056,GPMCB125090048SOTest
B230056,GPMCB125040043SOTest
C210049,GPMCC125060057SOTest
C220059,GPMCC125060056SOTest
C250052,GPMCC125060055SOTest
C280059,GPMCC125080062SOTest
B240055,GPMCB125040044SOTest
B260058,GPMCB125090049SOTest
C230067,GPMCC125100055SOTest
B270057,GPMCB125070063SOTest
B210065,GPMCB125080057SOTest
C220060,GPMCC125100056SOTest
C210050,GPMCC125070057SOTest
C250054,GPMCC125070056SOTest
B210066,GPMCB125030069SOTest
C260052,GPMCC125040059SOTest
B210067,GPMCB125050066SOTest
B250057,GPMCB125070064SOTest
B240057,GPMCB125040046SOTest
B230057,GPMCB125110060SOTest
C220062,GPMCC125110054SOTest
B260059,GPMCB125110061SOTest
B220057,GPMCB125110062SOTest
C280060,GPMCC125110055SOTest
C220063,GPMCC125030054SOTest
B240058,GPMCB125050067SOTest
C280061,GPMCC125100057SOTest
B270059,GPMCB125110063SOTest
C260054,GPMCC125100058SOTest
C220065,GPMCC125070059SOTest
C280062,GPMCC125040060SOTest
B220059,GPMCB125030070SOTest
C260055,GPMCC125060059SOTest
B220060,GPMCB125070066SOTest
B220061,GPMCB125070067SOTest
C210052,GPMCC125050065SOTest
B210068,GPMCB125050068SOTest
B260060,GPMCB125040048SOTest
B260061,GPMCB125080059SOTest
C280063,GPMCC125030055SOTest
B230058,GPMCB125070068SOTest
B250058,GPMCB125100057SOTest
C210053,GPMCC125080067SOTest
B260062,GPMCB125110064SOTest
B230059,GPMCB125100058SOTest
C220066,GPMCC125100062SOTest
B210069,GPMCB125040049SOTest
B200051,GPMCB125030071SOTest
C200052,GPMCC125090054SOTest
C280065,GPMCC125070060SOTest
B270060,GPMCB125030072SOTest
C250056,GPMCC125030057SOTest
B250059,GPMCB125100059SOTest
C260057,GPMCC125090056SOTest
B210070,GPMCB125070071SOTest
B240060,GPMCB125080060SOTest
B270061,GPMCB125080061SOTest
B200052,GPMCB125030073SOTest
C240059,GPMCC125080069SOTest
C270058,GPMCC125090057SOTest
B240061,GPMCB125090050SOTest
B260063,GPMCB125110065SOTest
B260064,GPMCB125090051SOTest
C270059,GPMCC125040061SOTest
B260065,GPMCB125060052SOTest
C200053,GPMCC125030059SOTest
C280066,GPMCC125080071SOTest
B230060,GPMCB125060054SOTest
B270062,GPMCB125060053SOTest
B230061,GPMCB125050069SOTest
B220063,GPMCB125090052SOTest
C270060,GPMCC125080073SOTest
C200055,GPMCC125110056SOTest
B250061,GPMCB125030074SOTest
C250059,GPMCC125040062SOTest
C260058,GPMCC125030060SOTest
B220064,GPMCB125070072SOTest
C210056,GPMCC125060060SOTest
B200053,GPMCB125100061SOTest
B270063,GPMCB125060055SOTest
C210057,GPMCC125080074SOTest
B230062,GPMCB125100062SOTest
C280067,GPMCC125110058SOTest
C220069,GPMCC125040064SOTest
B260067,GPMCB125110067SOTest
B220065,GPMCB125070073SOTest
C270061,GPMCC125090058SOTest
B250062,GPMCB125050070SOTest
C260059,GPMCC125080075SOTest
C230069,GPMCC125070061SOTest
B220066,GPMCB125080062SOTest
C280068,GPMCC125070062SOTest
C220070,GPMCC125050069SOTest
B260068,GPMCB125110068SOTest
B230064,GPMCB125100063SOTest
B280057,GPMCB125070075SOTest
C200059,GPMCC125080076SOTest
C200058,GPMCC125110059SOTest
B250063,GPMCB125030075SOTest
B280058,GPMCB125050071SOTest
C240060,GPMCC125060061SOTest
C280069,GPMCC125090059SOTest
C200060,GPMCC125110060SOTest
B200054,GPMCB125040052SOTest
C250060,GPMCC125090060SOTest
C240061,GPMCC125050070SOTest
B270065,GPMCB125060057SOTest
B250064,GPMCB125060056SOTest
B210072,GPMCB125030076SOTest
C200061,GPMCC125050071SOTest
C270062,GPMCC125100063SOTest
B280059,GPMCB125070076SOTest
B200055,GPMCB125100064SOTest
C200062,GPMCC125040065SOTest
B260069,GPMCB125060058SOTest
C230070,GPMCC125070063SOTest
C220071,GPMCC125110061SOTest
B260070,GPMCB125090053SOTest
B280060,GPMCB125070077SOTest
C210058,GPMCC125040066SOTest
B230065,GPMCB125050072SOTest
B210073,GPMCB125040053SOTest
C210059,GPMCC125040067SOTest
C210060,GPMCC125040068SOTest
C230071,GPMCC125100064SOTest
B240062,GPMCB125030077SOTest
C200063,GPMCC125100065SOTest
B280061,GPMCB125050073SOTest
C210061,GPMCC125040069SOTest
B260071,GPMCB125100065SOTest
C230072,GPMCC125100066SOTest
B210074,GPMCB125050074SOTest
B270066,GPMCB125090054SOTest
C200064,GPMCC125090061SOTest
B270067,GPMCB125080063SOTest
B210075,GPMCB125040054SOTest
C220072,GPMCC125080077SOTest
B220067,GPMCB125040055SOTest
C270063,GPMCC125110062SOTest
C210062,GPMCC125030061SOTest
B250065,GPMCB125030078SOTest
C250061,GPMCC125060062SOTest
B240063,GPMCB125110069SOTest
C280070,GPMCC125060063SOTest
B260072,GPMCB125030079SOTest
B260073,GPMCB125110070SOTest
B210076,GPMCB125040056SOTest
C210063,GPMCC125050072SOTest
C240062,GPMCC125060064SOTest
B230066,GPMCB125100066SOTest
C240063,GPMCC125050073SOTest
C250062,GPMCC125100067SOTest
C260060,GPMCC125110063SOTest
B260074,GPMCB125030080SOTest
B250066,GPMCB125050076SOTest
B250067,GPMCB125050075SOTest
C200065,GPMCC125060065SOTest
C220073,GPMCC125070064SOTest
B210077,GPMCB125110071SOTest
B260075,GPMCB125030081SOTest
C260061,GPMCC125050074SOTest
C260062,GPMCC125050075SOTest
C270064,GPMCC125030062SOTest
B230067,GPMCB125040057SOTest
B230068,GPMCB125040058SOTest
B210078,GPMCB125080064SOTest
B280062,GPMCB125030082SOTest
C280071,GPMCC125110064SOTest
C260063,GPMCC125070065SOTest
C250063,GPMCC125070066SOTest
B240064,GPMCB125090055SOTest
C240064,GPMCC125090062SOTest
B230069,GPMCB125060059SOTest
C270065,GPMCC125070067SOTest
C220074,GPMCC125040070SOTest
B220068,GPMCB125050077SOTest
B240065,GPMCB125030083SOTest
C230073,GPMCC125040071SOTest
B230070,GPMCB125110072SOTest
C220075,GPMCC125090063SOTest
B220069,GPMCB125100067SOTest
B210079,GPMCB125070078SOTest
C240065,GPMCC125040072SOTest
C230074,GPMCC125060066SOTest
B210080,GPMCB125080065SOTest
B280063,GPMCB125090056SOTest
C210064,GPMCC125100068SOTest
C270066,GPMCC125100069SOTest
C220076,GPMCC125050076SOTest
B200056,GPMCB125060060SOTest
B270068,GPMCB125110073SOTest
C230075,GPMCC125080078SOTest
B210081,GPMCB125040059SOTest
C240066,GPMCC125090064SOTest
C250064,GPMCC125080079SOTest
B230071,GPMCB125030084SOTest
C220077,GPMCC125090065SOTest
B270069,GPMCB125070079SOTest
B200057,GPMCB125040060SOTest
C280072,GPMCC125060067SOTest
B220070,GPMCB125070080SOTest
C250065,GPMCC125090066SOTest
B250068,GPMCB125030085SOTest
B240066,GPMCB125110074SOTest
C270067,GPMCC125090067SOTest
B210082,GPMCB125060061SOTest
C280073,GPMCC125080080SOTest
B230072,GPMCB125100068SOTest
C200067,GPMCC125070068SOTest
C200066,GPMCC125040073SOTest
B200058,GPMCB125060062SOTest
C240067,GPMCC125100070SOTest
B260076,GPMCB125090057SOTest
B240067,GPMCB125070081SOTest
B250069,GPMCB125080066SOTest
C260064,GPMCC125030063SOTest
C210065,GPMCC125050077SOTest
C220078,GPMCC125040074SOTest
B270070,GPMCB125080067SOTest
C270068,GPMCC125030064SOTest
B220071,GPMCB125060063SOTest
B230073,GPMCB125090058SOTest
C220079,GPMCC125060068SOTest
C250066,GPMCC125030065SOTest
B200059,GPMCB125070083SOTest
B270071,GPMCB125070082SOTest
C270069,GPMCC125110065SOTest
C280074,GPMCC125090068SOTest
C250067,GPMCC125060069SOTest
B260077,GPMCB125100069SOTest
C210066,GPMCC125050078SOTest
B210083,GPMCB125080069SOTest
C220080,GPMCC125030066SOTest
C200068,GPMCC125070069SOTest
B220072,GPMCB125060064SOTest
B200060,GPMCB125040061SOTest
C260065,GPMCC125110066SOTest
B230074,GPMCB125080068SOTest
B260078,GPMCB125050078SOTest
B280064,GPMCB125040062SOTest
C260066,GPMCC125040075SOTest
B210084,GPMCB125050079SOTest
B200061,GPMCB125040063SOTest
C280075,GPMCC125030067SOTest
C200069,GPMCC125090069SOTest
C270070,GPMCC125080081SOTest
C210067,GPMCC125040076SOTest
B200062,GPMCB125090059SOTest
B260079,GPMCB125070084SOTest
B280065,GPMCB125080070SOTest
C280076,GPMCC125100071SOTest
C270071,GPMCC125030068SOTest
B270072,GPMCB125070085SOTest
C240068,GPMCC125070070SOTest
C220081,GPMCC125110067SOTest
B250070,GPMCB125050080SOTest
B240068,GPMCB125040064SOTest
C280077,GPMCC125070071SOTest
B210085,GPMCB125090060SOTest
C210068,GPMCC125040077SOTest
B230075,GPMCB125040065SOTest
C260067,GPMCC125050079SOTest
B260080,GPMCB125060065SOTest
C230076,GPMCC125040078SOTest
C210069,GPMCC125110068SOTest
B280066,GPMCB125080071SOTest
C210070,GPMCC125030069SOTest
B270073,GPMCB125050081SOTest
B240069,GPMCB125080072SOTest
C250068,GPMCC125030070SOTest
B230077,GPMCB125080074SOTest
B260081,GPMCB125080073SOTest
B230076,GPMCB125100070SOTest
C200070,GPMCC125100072SOTest
C240069,GPMCC125030072SOTest
C270072,GPMCC125030071SOTest
B240070,GPMCB125070086SOTest
B250071,GPMCB125110075SOTest
C280078,GPMCC125080082SOTest
B270074,GPMCB125090061SOTest
B220073,GPMCB125040066SOTest
C260068,GPMCC125110069SOTest
C270073,GPMCC125070072SOTest
C280079,GPMCC125110070SOTest
B280067,GPMCB125050082SOTest
B230078,GPMCB125060066SOTest
C220082,GPMCC125110071SOTest
C230077,GPMCC125050080SOTest
C230078,GPMCC125050081SOTest
B240071,GPMCB125040067SOTest
B250072,GPMCB125050083SOTest
B250073,GPMCB125030086SOTest
B270075,GPMCB125090062SOTest
C280080,GPMCC125100073SOTest
B240072,GPMCB125080075SOTest
C270074,GPMCC125090070SOTest
C210071,GPMCC125060070SOTest
C280081,GPMCC125100074SOTest
C250069,GPMCC125040079SOTest
B260082,GPMCB125110076SOTest
B250074,GPMCB125080076SOTest
B270076,GPMCB125040068SOTest
C270075,GPMCC125030073SOTest
B280068,GPMCB125040069SOTest
C280082,GPMCC125100075SOTest
C200071,GPMCC125040080SOTest
C280083,GPMCC125070073SOTest
B210086,GPMCB125040070SOTest
C240070,GPMCC125080083SOTest
B240073,GPMCB125060067SOTest
C200072,GPMCC125070074SOTest
C220083,GPMCC125110072SOTest
B220074,GPMCB125100071SOTest
B280069,GPMCB125050084SOTest
C240071,GPMCC125040081SOTest
B280070,GPMCB125030087SOTest
B240074,GPMCB125070088SOTest
C250070,GPMCC125060071SOTest
C280084,GPMCC125100076SOTest
C280085,GPMCC125050082SOTest
C210072,GPMCC125080084SOTest
B240075,GPMCB125050085SOTest
B280071,GPMCB125110077SOTest
B220075,GPMCB125110078SOTest
B210087,GPMCB125110079SOTest
C230079,GPMCC125110073SOTest
C260069,GPMCC125050083SOTest
B220076,GPMCB125060068SOTest
C230080,GPMCC125110074SOTest
B210088,GPMCB125090063SOTest
B260083,GPMCB125050086SOTest
C220084,GPMCC125100077SOTest
B220077,GPMCB125070089SOTest
C230081,GPMCC125090071SOTest
C210073,GPMCC125060072SOTest
C270076,GPMCC125040082SOTest
C280086,GPMCC125050084SOTest
B230079,GPMCB125080077SOTest
C230082,GPMCC125110075SOTest
B220078,GPMCB125060070SOTest
B270077,GPMCB125090064SOTest
B270078,GPMCB125100072SOTest
B240076,GPMCB125100073SOTest
C260070,GPMCC125030074SOTest
C200073,GPMCC125100078SOTest
C200074,GPMCC125030075SOTest
B230080,GPMCB125090065SOTest
C270077,GPMCC125040083SOTest
C230083,GPMCC125060073SOTest
B230081,GPMCB125030088SOTest
C250071,GPMCC125090072SOTest
B250075,GPMCB125090066SOTest
B250076,GPMCB125090067SOTest
C220085,GPMCC125050085SOTest
B270079,GPMCB125080078SOTest
B260085,GPMCB125090068SOTest
C270078,GPMCC125070075SOTest
B260086,GPMCB125040071SOTest
C260071,GPMCC125040084SOTest
B230082,GPMCB125030089SOTest
C260072,GPMCC125050086SOTest
B280072,GPMCB125100074SOTest
C270079,GPMCC125090073SOTest
B220079,GPMCB125080079SOTest
C260073,GPMCC125030076SOTest
B220080,GPMCB125060071SOTest
C260074,GPMCC125100079SOTest
B220081,GPMCB125090069SOTest
C250072,GPMCC125110077SOTest
B250077,GPMCB125040072SOTest
B270080,GPMCB125050088SOTest
C220086,GPMCC125110078SOTest
C220087,GPMCC125050087SOTest
C250073,GPMCC125110079SOTest
B250078,GPMCB125060072SOTest
C270080,GPMCC125080085SOTest
B270081,GPMCB125100075SOTest
C210074,GPMCC125100080SOTest
B260087,GPMCB125060073SOTest
B260088,GPMCB125040073SOTest
B250079,GPMCB125080080SOTest
C280087,GPMCC125060074SOTest
C210075,GPMCC125100082SOTest
B280073,GPMCB125110080SOTest
C220088,GPMCC125030077SOTest
B200063,GPMCB125070090SOTest
B260089,GPMCB125050089SOTest
B240077,GPMCB125090070SOTest
C280088,GPMCC125080086SOTest
C270082,GPMCC125110080SOTest
C200076,GPMCC125060075SOTest
B270082,GPMCB125070091SOTest
B230083,GPMCB125100076SOTest
C220089,GPMCC125030078SOTest
B260090,GPMCB125080081SOTest
C220090,GPMCC125090074SOTest
C280089,GPMCC125030079SOTest
B210089,GPMCB125060074SOTest
B240078,GPMCB125050090SOTest
C260075,GPMCC125030080SOTest
C240072,GPMCC125060076SOTest
B280074,GPMCB125110081SOTest
B220082,GPMCB125060075SOTest
C260076,GPMCC125110081SOTest
C250074,GPMCC125060077SOTest
B240079,GPMCB125060076SOTest
C210076,GPMCC125040085SOTest
C220091,GPMCC125110082SOTest
B230084,GPMCB125040074SOTest
B210090,GPMCB125100077SOTest
B250080,GPMCB125080082SOTest
B260091,GPMCB125110082SOTest
C270083,GPMCC125070076SOTest
B270083,GPMCB125050091SOTest
C200077,GPMCC125100083SOTest
C230084,GPMCC125060078SOTest
B270084,GPMCB125090071SOTest
C240073,GPMCC125080087SOTest
C220092,GPMCC125040086SOTest
B280075,GPMCB125040075SOTest
B200064,GPMCB125060077SOTest
C250075,GPMCC125030081SOTest
C220093,GPMCC125100084SOTest
B240080,GPMCB125050092SOTest
C210077,GPMCC125080088SOTest
C240074,GPMCC125070077SOTest
B240081,GPMCB125070093SOTest
C270084,GPMCC125030082SOTest
B280076,GPMCB125040077SOTest
C210078,GPMCC125080089SOTest
B260092,GPMCB125040078SOTest
C200078,GPMCC125080090SOTest
C220094,GPMCC125050088SOTest
C260077,GPMCC125030083SOTest
B280077,GPMCB125030090SOTest
B240082,GPMCB125040079SOTest
B210091,GPMCB125090072SOTest
C210079,GPMCC125100085SOTest
B280078,GPMCB125040080SOTest
B280079,GPMCB125060078SOTest
C220095,GPMCC125040087SOTest
C210080,GPMCC125040088SOTest
C270085,GPMCC125090075SOTest
B240083,GPMCB125050094SOTest
B260093,GPMCB125070094SOTest
B270085,GPMCB125050093SOTest
C250076,GPMCC125080091SOTest
C280090,GPMCC125090076SOTest
B200065,GPMCB125070095SOTest
B240084,GPMCB125050095SOTest
B230085,GPMCB125100078SOTest
C230085,GPMCC125110083SOTest
C270086,GPMCC125040089SOTest
B260094,GPMCB125050096SOTest
B270086,GPMCB125040081SOTest
C220096,GPMCC125100086SOTest
C260078,GPMCC125080092SOTest
B210092,GPMCB125030091SOTest
C200079,GPMCC125080093SOTest
B270087,GPMCB125040082SOTest
C270087,GPMCC125070078SOTest
B220085,GPMCB125050097SOTest
B210093,GPMCB125030092SOTest
C260079,GPMCC125100087SOTest
C260080,GPMCC125030084SOTest
C250077,GPMCC125090077SOTest
B260095,GPMCB125070096SOTest
C270088,GPMCC125070079SOTest
B260096,GPMCB125110083SOTest
C240075,GPMCC125070080SOTest
C250078,GPMCC125050089SOTest
C270089,GPMCC125050090SOTest
B240085,GPMCB125100079SOTest
B250081,GPMCB125050099SOTest
B230086,GPMCB125040084SOTest
B270088,GPMCB125100080SOTest
C260081,GPMCC125100088SOTest
B260097,GPMCB125040083SOTest
B280080,GPMCB125050098SOTest
C220098,GPMCC125070081SOTest
C260082,GPMCC125090078SOTest
C270090,GPMCC125080095SOTest
B220086,GPMCB125070097SOTest
C260083,GPMCC125070082SOTest
B200066,GPMCB125050100SOTest
B260098,GPMCB125030093SOTest
B240086,GPMCB125090073SOTest
C200080,GPMCC125030085SOTest
C220099,GPMCC125110084SOTest
B270089,GPMCB125090074SOTest
C240076,GPMCC125030086SOTest
C270091,GPMCC125100089SOTest
B240087,GPMCB125060079SOTest
C270092,GPMCC125040090SOTest
B220087,GPMCB125040085SOTest
B240088,GPMCB125110084SOTest
B280081,GPMCB125030094SOTest
C280091,GPMCC125030087SOTest
B260099,GPMCB125090075SOTest
C240077,GPMCC125100090SOTest
C260084,GPMCC125040091SOTest
B250082,GPMCB125110085SOTest
B220088,GPMCB125050101SOTest
B210094,GPMCB125030095SOTest
C210081,GPMCC125070083SOTest
C240078,GPMCC125050091SOTest
B280082,GPMCB125100081SOTest
C250079,GPMCC125070084SOTest
C280092,GPMCC125100091SOTest
B260100,GPMCB125050102SOTest
B200067,GPMCB125070098SOTest
C280093,GPMCC125070085SOTest
C270094,GPMCC125060080SOTest
B230087,GPMCB125080083SOTest
B280083,GPMCB125030096SOTest
C210083,GPMCC125100092SOTest
B240089,GPMCB125050103SOTest
B200068,GPMCB125070099SOTest
C210084,GPMCC125040092SOTest
C240079,GPMCC125090080SOTest
B280084,GPMCB125060080SOTest
C280094,GPMCC125050092SOTest
C270095,GPMCC125110085SOTest
B270090,GPMCB125060081SOTest
C260085,GPMCC125080097SOTest
B280085,GPMCB125070100SOTest
C220100,GPMCC125040093SOTest
B250083,GPMCB125070101SOTest
B200069,GPMCB125030097SOTest
B270091,GPMCB125060082SOTest
C230086,GPMCC125040094SOTest
C210085,GPMCC125030088SOTest
B230088,GPMCB125090076SOTest
B200070,GPMCB125040086SOTest
C270096,GPMCC125090081SOTest
B250084,GPMCB125040087SOTest
C220101,GPMCC125110086SOTest
C240080,GPMCC125060081SOTest
B220089,GPMCB125070102SOTest
C200081,GPMCC125070086SOTest
B260101,GPMCB125080084SOTest
C230087,GPMCC125040095SOTest
B260102,GPMCB125090077SOTest
B280086,GPMCB125040088SOTest
C270097,GPMCC125080098SOTest
B250085,GPMCB125050104SOTest
C230088,GPMCC125100093SOTest
B280087,GPMCB125040089SOTest
C250080,GPMCC125080099SOTest
C270098,GPMCC125030090SOTest
C250081,GPMCC125060082SOTest
C270099,GPMCC125080100SOTest
B260103,GPMCB125090078SOTest
B200071,GPMCB125060083SOTest
B240090,GPMCB125100082SOTest
B280088,GPMCB125080085SOTest
C270100,GPMCC125100094SOTest
C250082,GPMCC125090082SOTest
C200083,GPMCC125030091SOTest
B270092,GPMCB125030098SOTest
B230089,GPMCB125070103SOTest
C280096,GPMCC125040096SOTest
C250083,GPMCC125080101SOTest
B280089,GPMCB125050105SOTest
C210086,GPMCC125050094SOTest
C240081,GPMCC125070087SOTest
B200072,GPMCB125030099SOTest
B220090,GPMCB125060086SOTest
C280097,GPMCC125110087SOTest
B250086,GPMCB125040090SOTest
C260086,GPMCC125090083SOTest
B240091,GPMCB125110086SOTest
C240082,GPMCC125110088SOTest
B260104,GPMCB125080086SOTest
B280090,GPMCB125090079SOTest
C210087,GPMCC125040097SOTest
C200084,GPMCC125090084SOTest
B220091,GPMCB125030100SOTest
C200085,GPMCC125110089SOTest
C230089,GPMCC125090085SOTest
B270094,GPMCB125030101SOTest
C250084,GPMCC125100095SOTest
B240092,GPMCB125040091SOTest
B250087,GPMCB125090080SOTest
B220092,GPMCB125040092SOTest
B270095,GPMCB125060087SOTest
C210088,GPMCC125050095SOTest
C260087,GPMCC125030092SOTest
C200086,GPMCC125090086SOTest
C240083,GPMCC125040098SOTest
B200073,GPMCB125060088SOTest
C260088,GPMCC125110090SOTest
B270096,GPMCB125070104SOTest
B230090,GPMCB125060089SOTest
C260089,GPMCC125060083SOTest
B240093,GPMCB125100084SOTest
C280098,GPMCC125090087SOTest
B280091,GPMCB125100083SOTest
C210089,GPMCC125070088SOTest
B280092,GPMCB125100085SOTest
C260090,GPMCC125040099SOTest
B230091,GPMCB125110087SOTest
B250088,GPMCB125110088SOTest
C220102,GPMCC125040100SOTest
C260091,GPMCC125040101SOTest
B260106,GPMCB125060090SOTest
B260107,GPMCB125100086SOTest
C200087,GPMCC125070089SOTest
C220103,GPMCC125080102SOTest
B260108,GPMCB125070105SOTest
B220093,GPMCB125080087SOTest
B230092,GPMCB125100087SOTest
C240084,GPMCC125060085SOTest
C240085,GPMCC125090088SOTest
B240094,GPMCB125060091SOTest
C270101,GPMCC125050096SOTest
B220095,GPMCB125110089SOTest
C230091,GPMCC125070090SOTest
C250085,GPMCC125110091SOTest
C280099,GPMCC125030093SOTest
C210090,GPMCC125080103SOTest
B280093,GPMCB125070107SOTest
B230093,GPMCB125080088SOTest
B220096,GPMCB125070108SOTest
C270102,GPMCC125050097SOTest
B250089,GPMCB125080089SOTest
B200074,GPMCB125030102SOTest
C280100,GPMCC125070091SOTest
B250090,GPMCB125040093SOTest
C230092,GPMCC125050098SOTest
B280094,GPMCB125100088SOTest
B200075,GPMCB125100089SOTest
C280101,GPMCC125110092SOTest
C220104,GPMCC125060086SOTest
C210091,GPMCC125040102SOTest
B230094,GPMCB125030103SOTest
B260109,GPMCB125050106SOTest
B220097,GPMCB125060092SOTest
C220105,GPMCC125060087SOTest
B260110,GPMCB125030104SOTest
C250087,GPMCC125030095SOTest
B200076,GPMCB125090081SOTest
C220106,GPMCC125110093SOTest
C250088,GPMCC125070093SOTest
B230095,GPMCB125060093SOTest
B270097,GPMCB125080090SOTest
B210095,GPMCB125110090SOTest
C260092,GPMCC125110094SOTest
C220107,GPMCC125060088SOTest
C240086,GPMCC125040103SOTest
B280095,GPMCB125040094SOTest
B260111,GPMCB125050107SOTest
C250089,GPMCC125080104SOTest
C220108,GPMCC125110095SOTest
B270098,GPMCB125080091SOTest
C210093,GPMCC125080105SOTest
C200088,GPMCC125050099SOTest
B210096,GPMCB125090082SOTest
B220098,GPMCB125060094SOTest
C210094,GPMCC125030096SOTest
B240095,GPMCB125070109SOTest
B200077,GPMCB125060095SOTest
C280103,GPMCC125040104SOTest
C280104,GPMCC125040105SOTest
B270099,GPMCB125100090SOTest
B200078,GPMCB125080092SOTest
B240096,GPMCB125090083SOTest
C220109,GPMCC125090090SOTest
C200089,GPMCC125030097SOTest
B230096,GPMCB125100091SOTest
C250090,GPMCC125060089SOTest
C200090,GPMCC125100096SOTest
B260112,GPMCB125050108SOTest
B240097,GPMCB125050109SOTest
C260093,GPMCC125060090SOTest
B280096,GPMCB125030105SOTest
B240098,GPMCB125110091SOTest
C260094,GPMCC125080106SOTest
C250091,GPMCC125070094SOTest
C270103,GPMCC125070095SOTest
B260113,GPMCB125080093SOTest
B270100,GPMCB125080094SOTest
C240087,GPMCC125060091SOTest
B240099,GPMCB125110092SOTest
B230097,GPMCB125070110SOTest
C260095,GPMCC125070096SOTest
C210095,GPMCC125050100SOTest
B260114,GPMCB125070111SOTest
C260096,GPMCC125100097SOTest
C200092,GPMCC125110096SOTest
B230098,GPMCB125070112SOTest
B220099,GPMCB125080095SOTest
C220110,GPMCC125090091SOTest
C270104,GPMCC125050101SOTest
B270101,GPMCB125070113SOTest
C250092,GPMCC125080107SOTest
C230093,GPMCC125070097SOTest
B270102,GPMCB125090084SOTest
C240088,GPMCC125100098SOTest
B250091,GPMCB125030106SOTest
C240089,GPMCC125070098SOTest
C250093,GPMCC125080108SOTest
B260115,GPMCB125110093SOTest
B210097,GPMCB125050110SOTest
B200080,GPMCB125100092SOTest
B200081,GPMCB125060096SOTest
C280105,GPMCC125050102SOTest
B280097,GPMCB125030107SOTest
C220111,GPMCC125060092SOTest
C280106,GPMCC125100099SOTest
B250092,GPMCB125110094SOTest
B270103,GPMCB125070114SOTest
C250094,GPMCC125060093SOTest
C200093,GPMCC125080109SOTest
C220112,GPMCC125070099SOTest
B230099,GPMCB125100093SOTest
B200082,GPMCB125090085SOTest
C210096,GPMCC125070100SOTest
B250093,GPMCB125040095SOTest
B250094,GPMCB125110096SOTest
C250095,GPMCC125040107SOTest
C230094,GPMCC125110097SOTest
C280107,GPMCC125090092SOTest
B250095,GPMCB125090086SOTest
B270104,GPMCB125100094SOTest
C200094,GPMCC125100100SOTest
B220100,GPMCB125040096SOTest
B230100,GPMCB125060097SOTest
C210097,GPMCC125100101SOTest
B220101,GPMCB125090087SOTest
C260097,GPMCC125090093SOTest
B280098,GPMCB125050111SOTest
B240101,GPMCB125070115SOTest
C270105,GPMCC125050103SOTest
B210098,GPMCB125110097SOTest
C260098,GPMCC125030098SOTest
C240090,GPMCC125080110SOTest
C260099,GPMCC125070101SOTest
B220102,GPMCB125040097SOTest
B220103,GPMCB125100095SOTest
C250096,GPMCC125080111SOTest
B200083,GPMCB125110098SOTest
C240091,GPMCC125100103SOTest
B240102,GPMCB125090088SOTest
C270106,GPMCC125090094SOTest
B210099,GPMCB125040098SOTest
B220104,GPMCB125060098SOTest
B210100,GPMCB125090089SOTest
C230096,GPMCC125050104SOTest
C210098,GPMCC125070102SOTest
B210101,GPMCB125070116SOTest
B220105,GPMCB125070117SOTest
C270107,GPMCC125110098SOTest
C210099,GPMCC125030099SOTest
C260100,GPMCC125080112SOTest
B240103,GPMCB125030108SOTest
B210102,GPMCB125070118SOTest
C200096,GPMCC125050105SOTest
C230097,GPMCC125030100SOTest
B220106,GPMCB125090090SOTest
B220107,GPMCB125060099SOTest
B220108,GPMCB125100096SOTest
C210100,GPMCC125080113SOTest
C240092,GPMCC125050106SOTest
C240093,GPMCC125070103SOTest
B230101,GPMCB125030109SOTest
B280099,GPMCB125030110SOTest
C250097,GPMCC125050107SOTest
B270105,GPMCB125090091SOTest
C230098,GPMCC125100106SOTest
C270108,GPMCC125090095SOTest
C210101,GPMCC125100107SOTest
B280100,GPMCB125090092SOTest
B250097,GPMCB125110099SOTest
B240104,GPMCB125080098SOTest
C210102,GPMCC125080114SOTest
C250098,GPMCC125060094SOTest
B250098,GPMCB125050112SOTest
B200084,GPMCB125100097SOTest
C280108,GPMCC125110099SOTest
C220113,GPMCC125030101SOTest
B240105,GPMCB125110100SOTest
B250099,GPMCB125090093SOTest
B230102,GPMCB125110101SOTest
C240094,GPMCC125040108SOTest
C250099,GPMCC125100108SOTest
C230099,GPMCC125070104SOTest
B200085,GPMCB125080099SOTest
C260101,GPMCC125060095SOTest
B260116,GPMCB125100098SOTest
B260117,GPMCB125050113SOTest
B270106,GPMCB125070119SOTest
C280109,GPMCC125060096SOTest
C240095,GPMCC125080115SOTest
B210103,GPMCB125090094SOTest
B270107,GPMCB125070120SOTest
C280110,GPMCC125080117SOTest
C210104,GPMCC125080116SOTest
B250100,GPMCB125110102SOTest
B240106,GPMCB125090095SOTest
C250100,GPMCC125110100SOTest
C220114,GPMCC125060097SOTest
C250101,GPMCC125080118SOTest
B240107,GPMCB125100099SOTest
C220115,GPMCC125050108SOTest
B200086,GPMCB125090096SOTest
C200097,GPMCC125060098SOTest
B240108,GPMCB125060100SOTest
B250101,GPMCB125100100SOTest
B230103,GPMCB125110103SOTest
C240096,GPMCC125060099SOTest
C200098,GPMCC125080119SOTest
B280101,GPMCB125090097SOTest
B230104,GPMCB125040099SOTest
B210104,GPMCB125030111SOTest
B260118,GPMCB125090098SOTest
C210105,GPMCC125050109SOTest
C270109,GPMCC125050110SOTest
B270108,GPMCB125050114SOTest
C270110,GPMCC125070105SOTest
B240109,GPMCB125050115SOTest
B260119,GPMCB125040100SOTest
C200099,GPMCC125030102SOTest
B220109,GPMCB125080100SOTest
C250102,GPMCC125080120SOTest
C220116,GPMCC125050111SOTest
B240110,GPMCB125060101SOTest
C250103,GPMCC125070106SOTest
B210105,GPMCB125060102SOTest
B200087,GPMCB125050116SOTest
C240097,GPMCC125070107SOTest
B240111,GPMCB125100101SOTest
C200100,GPMCC125090096SOTest
C230100,GPMCC125050112SOTest
B210106,GPMCB125060103SOTest
C260102,GPMCC125080121SOTest
B240112,GPMCB125030112SOTest
B210107,GPMCB125050117SOTest
C270111,GPMCC125110101SOTest
C250104,GPMCC125090097SOTest
C220117,GPMCC125060100SOTest
B270109,GPMCB125070121SOTest
C210106,GPMCC125070108SOTest
B200088,GPMCB125070122SOTest
B240113,GPMCB125060104SOTest
B280102,GPMCB125110104SOTest
C240098,GPMCC125060101SOTest
B220110,GPMCB125050118SOTest
C230101,GPMCC125060102SOTest
B260120,GPMCB125100102SOTest
C250105,GPMCC125040109SOTest
C250106,GPMCC125030103SOTest
B200089,GPMCB125070123SOTest
B250102,GPMCB125040101SOTest
B250103,GPMCB125080101SOTest
C270112,GPMCC125090098SOTest
C210107,GPMCC125030104SOTest
B210108,GPMCB125100103SOTest
B240114,GPMCB125050119SOTest
C260103,GPMCC125050113SOTest
B250104,GPMCB125030113SOTest
C260104,GPMCC125110102SOTest
C280111,GPMCC125060103SOTest
C260105,GPMCC125050114SOTest
B200090,GPMCB125040102SOTest
B280103,GPMCB125090099SOTest
B220111,GPMCB125040103SOTest
C210108,GPMCC125040110SOTest
C200101,GPMCC125060104SOTest
B200091,GPMCB125110105SOTest
C270113,GPMCC125080122SOTest
B210109,GPMCB125090100SOTest
C260106,GPMCC125040111SOTest
B200092,GPMCB125090101SOTest
B200093,GPMCB125050120SOTest
C210109,GPMCC125090099SOTest
C280112,GPMCC125070109SOTest
B250105,GPMCB125110106SOTest
B270110,GPMCB125030114SOTest
C280113,GPMCC125090100SOTest
C210110,GPMCC125070110SOTest
C220118,GPMCC125110103SOTest
B210110,GPMCB125030115SOTest
C270114,GPMCC125070111SOTest
B250106,GPMCB125090102SOTest
B220112,GPMCB125110107SOTest
C270115,GPMCC125050115SOTest
C220119,GPMCC125080123SOTest
C230102,GPMCC125030105SOTest
B220113,GPMCB125080102SOTest
B260121,GPMCB125050121SOTest
C200103,GPMCC125030106SOTest
B220114,GPMCB125030116SOTest
C280114,GPMCC125040112SOTest
C270116,GPMCC125090101SOTest
B260122,GPMCB125070124SOTest
C260107,GPMCC125070112SOTest
C230103,GPMCC125080124SOTest
B240115,GPMCB125070125SOTest
B200094,GPMCB125080103SOTest
C220120,GPMCC125110104SOTest
B210111,GPMCB125100105SOTest
C220121,GPMCC125040113SOTest
B260123,GPMCB125100104SOTest
B280104,GPMCB125050122SOTest
B280105,GPMCB125070126SOTest
C280115,GPMCC125050116SOTest
C260108,GPMCC125060106SOTest
B210112,GPMCB125030117SOTest
C230104,GPMCC125050117SOTest
B250107,GPMCB125050123SOTest
C270117,GPMCC125060107SOTest
B200095,GPMCB125060105SOTest
B280106,GPMCB125090103SOTest
C270118,GPMCC125060108SOTest
B230105,GPMCB125040104SOTest
C280116,GPMCC125050118SOTest
C260109,GPMCC125070113SOTest
B230106,GPMCB125070127SOTest
C280117,GPMCC125080125SOTest
B220115,GPMCB125050124SOTest
C270119,GPMCC125090102SOTest
C220122,GPMCC125060109SOTest
B270111,GPMCB125080104SOTest
B260124,GPMCB125060106SOTest
B280107,GPMCB125040105SOTest
C250107,GPMCC125110105SOTest
C270120,GPMCC125040114SOTest
B270112,GPMCB125060107SOTest
C230105,GPMCC125100110SOTest
B230107,GPMCB125080105SOTest
B220116,GPMCB125050125SOTest
C200104,GPMCC125040115SOTest
C260110,GPMCC125030107SOTest
B260125,GPMCB125070128SOTest
C240099,GPMCC125100111SOTest
B200096,GPMCB125110108SOTest
C250108,GPMCC125080126SOTest
B210113,GPMCB125110109SOTest
B250108,GPMCB125050126SOTest
C280118,GPMCC125070114SOTest
C220123,GPMCC125090103SOTest
B210114,GPMCB125070129SOTest
B280108,GPMCB125070130SOTest
C210111,GPMCC125110106SOTest
C250109,GPMCC125070115SOTest
B250109,GPMCB125060108SOTest
C200105,GPMCC125090104SOTest
B200097,GPMCB125030118SOTest
C260111,GPMCC125080127SOTest
B280109,GPMCB125050127SOTest
C270121,GPMCC125040116SOTest
C230106,GPMCC125080128SOTest
B260126,GPMCB125040106SOTest
C280119,GPMCC125040117SOTest
B250110,GPMCB125040107SOTest
C280120,GPMCC125030108SOTest
B280110,GPMCB125060109SOTest
B260127,GPMCB125030119SOTest
C230107,GPMCC125060110SOTest
B210115,GPMCB125040108SOTest
B210116,GPMCB125090104SOTest
C270122,GPMCC125110107SOTest
C200106,GPMCC125090105SOTest
C210112,GPMCC125080129SOTest
B200098,GPMCB125080106SOTest
B210117,GPMCB125090105SOTest
C230108,GPMCC125040118SOTest
C250110,GPMCC125050119SOTest
B240116,GPMCB125040109SOTest
B230108,GPMCB125110110SOTest
B280111,GPMCB125050128SOTest
C250111,GPMCC125060111SOTest
C200107,GPMCC125080130SOTest
B280112,GPMCB125080107SOTest
C240100,GPMCC125090106SOTest
B260128,GPMCB125090106SOTest
C250112,GPMCC125040119SOTest
B230109,GPMCB125090107SOTest
C270123,GPMCC125070116SOTest
C250113,GPMCC125040120SOTest
B230110,GPMCB125060111SOTest
B200099,GPMCB125060110SOTest
C220124,GPMCC125110108SOTest
B230111,GPMCB125100106SOTest
B250111,GPMCB125070132SOTest
B240117,GPMCB125070131SOTest
C280121,GPMCC125050120SOTest
C230109,GPMCC125090107SOTest
C210113,GPMCC125070117SOTest
B230112,GPMCB125060112SOTest
C270124,GPMCC125080131SOTest
C220125,GPMCC125080132SOTest
B200100,GPMCB125060113SOTest
C220126,GPMCC125030109SOTest
B220117,GPMCB125100107SOTest
C230110,GPMCC125070118SOTest
B270113,GPMCB125090108SOTest
B200101,GPMCB125080108SOTest
B210118,GPMCB125080109SOTest
B230113,GPMCB125060114SOTest
C230111,GPMCC125070119SOTest
C250114,GPMCC125090108SOTest
B230114,GPMCB125040110SOTest
C240101,GPMCC125110109SOTest
C200108,GPMCC125080133SOTest
C220127,GPMCC125070120SOTest
B230115,GPMCB125060115SOTest
B210119,GPMCB125100108SOTest
B270114,GPMCB125100109SOTest
B250112,GPMCB125050129SOTest
C270125,GPMCC125090109SOTest
C230112,GPMCC125100112SOTest
B280113,GPMCB125110111SOTest
C270126,GPMCC125080134SOTest
C220128,GPMCC125030110SOTest
B260129,GPMCB125110112SOTest
C210114,GPMCC125090110SOTest
B250113,GPMCB125090109SOTest
C240102,GPMCC125050121SOTest
C260112,GPMCC125040121SOTest
B260130,GPMCB125030120SOTest
B250114,GPMCB125070133SOTest
B220118,GPMCB125060116SOTest
C250115,GPMCC125080135SOTest
C230113,GPMCC125100113SOTest
B270115,GPMCB125030121SOTest
C240103,GPMCC125030111SOTest
B210120,GPMCB125090110SOTest
C200109,GPMCC125060112SOTest
B250115,GPMCB125050130SOTest
B270116,GPMCB125070134SOTest
C200110,GPMCC125050122SOTest
B220119,GPMCB125090111SOTest
C220129,GPMCC125030112SOTest
C270127,GPMCC125090111SOTest
C270128,GPMCC125110110SOTest
B200102,GPMCB125060117SOTest
B280114,GPMCB125070135SOTest
C220130,GPMCC125060113SOTest
B210121,GPMCB125110113SOTest
C230114,GPMCC125030113SOTest
B280115,GPMCB125040111SOTest
B210122,GPMCB125070136SOTest
C200111,GPMCC125090112SOTest
C250116,GPMCC125090113SOTest
C210115,GPMCC125060114SOTest
B240118,GPMCB125060118SOTest
B280116,GPMCB125070137SOTest
C200112,GPMCC125100114SOTest
B260131,GPMCB125090112SOTest
B280117,GPMCB125040112SOTest
CC21906,nullCC21906SOTest
CC21910,nullCC21910SOTest
CC21913,nullCC21913SOTest
CC21914,nullCC21914SOTest
CC21915,nullCC21915SOTest
CC21916,nullCC21916SOTest
CC21917,nullCC21917SOTest
CC21918,nullCC21918SOTest
CC21919,nullCC21919SOTest
CC21920,nullCC21920SOTest
CC21922,nullCC21922SOTest
CC21923,nullCC21923SOTest
CC21924,nullCC21924SOTest
CC21925,nullCC21925SOTest
CC21926,nullCC21926SOTest
CC21927,nullCC21927SOTest
CC21929,nullCC21929SOTest
CC21931,nullCC21931SOTest
CC21932,nullCC21932SOTest
CC21933,nullCC21933SOTest
CC21934,nullCC21934SOTest
CC21935,nullCC21935SOTest
CC21937,nullCC21937SOTest
CC21938,nullCC21938SOTest
CC21939,nullCC21939SOTest
CC21940,nullCC21940SOTest
CC21942,nullCC21942SOTest
CC21943,nullCC21943SOTest
CC21944,nullCC21944SOTest
CC21945,nullCC21945SOTest
CC21946,nullCC21946SOTest
CC21947,nullCC21947SOTest
CC21948,nullCC21948SOTest
CC21949,nullCC21949SOTest
CC21950,nullCC21950SOTest
CC21951,nullCC21951SOTest
CC21952,nullCC21952SOTest
CC21953,nullCC21953SOTest
CC21955,nullCC21955SOTest
CC21956,nullCC21956SOTest
CC21957,nullCC21957SOTest
CC21958,nullCC21958SOTest
CC21959,nullCC21959SOTest
CC21960,nullCC21960SOTest
CC21962,nullCC21962SOTest
CC21963,nullCC21963SOTest
CC21964,nullCC21964SOTest
CC21965,nullCC21965SOTest
CC21966,nullCC21966SOTest
CC21967,nullCC21967SOTest
CC21968,nullCC21968SOTest
CC21969,nullCC21969SOTest
CC21970,nullCC21970SOTest
CC21971,nullCC21971SOTest
CC21972,nullCC21972SOTest
CC21973,nullCC21973SOTest
CC21974,nullCC21974SOTest
CC21974,nullCC21974SOTest
CC21979,nullCC21979SOTest
CC21980,nullCC21980SOTest
CC21981,nullCC21981SOTest
CC21982,nullCC21982SOTest
CC21983,nullCC21983SOTest
CC21984,nullCC21984SOTest
CC21985,nullCC21985SOTest
CC21986,nullCC21986SOTest
CC21987,nullCC21987SOTest
CC21988,nullCC21988SOTest
CC21989,nullCC21989SOTest
CC21990,nullCC21990SOTest
CC21991,nullCC21991SOTest
CC21992,nullCC21992SOTest
CC21993,nullCC21993SOTest
CC21994,nullCC21994SOTest
CC21995,nullCC21995SOTest
CC21996,nullCC21996SOTest
CC21997,nullCC21997SOTest
CC21998,nullCC21998SOTest
CC21999,nullCC21999SOTest
CC22000,nullCC22000SOTest
CC22001,nullCC22001SOTest
CC22002,nullCC22002SOTest
CC22003,nullCC22003SOTest
CC22004,nullCC22004SOTest
CC22005,nullCC22005SOTest
CC22006,nullCC22006SOTest
CC22007,nullCC22007SOTest
B4141729,ICPB134784664SOTest
B4181134,ICPB134803458SOTest
C4171897,ICPC134853295SOTest
B4181135,ICPB134803459SOTest
B4181136,ICPB134803460SOTest
B4181136,ICPB134803460SOTest
